id,name,quality,space,kind,faction,skillPoint,bustIcon,cardIcon,life,biography,lines,army1_level,army2_level,army3_level,army4_level,army5_level,attack,intelligence,leadership,speed,politics,charisma,attack_recommend,intelligence_recommend,leadership_recommend,speed_recommend,politics_recommend,charisma_recommend,replace_officer,replace_skill,skillId,inherit_skillId,chroniclesID,summonIDs,attack_growth,intelligence_growth,leadership_growth,speed_growth,politics_growth,charisma_growth
0,0:0,1,1,0,1,1,"0","0","","","",0,0,0,0,0,0,0,0,0,0,0,0,0,0,0,0,0,"","",0,0,0,"",0,0,0,0,0,0
10001,14:1,1,2,0,4,80,"hero_10001","herocard_10001",14:201,"",14:401,1,1,1,1,1,10,10,10,10,1,1,3,3,3,1,0,0,"","",3001,0,-1,"",0.07,0.07,0.07,0.07,0.07,0.07
10002,14:2,1,2,0,4,80,"hero_10002","herocard_10002",14:202,"",14:402,1,1,1,1,1,10,10,10,10,1,1,3,3,3,1,0,0,"","",3002,0,-1,"",0.07,0.07,0.07,0.07,0.07,0.07
10003,14:3,1,2,0,4,80,"hero_10003","herocard_10003",14:203,"",14:403,1,1,1,1,1,10,10,10,10,1,1,3,3,3,1,0,0,"","",3003,0,-1,"",0.07,0.07,0.07,0.07,0.07,0.07
10004,14:4,1,2,0,4,80,"hero_10004","herocard_10004",14:204,"",14:404,1,1,1,1,1,10,10,10,10,1,1,3,3,3,1,0,0,"","",3001,0,-1,"",0.07,0.07,0.07,0.07,0.07,0.07
20001,14:5,2,3,0,2,10,"hero_20001","herocard_20001",14:205,14:601,14:405,1,1,2,2,3,59,76,65,22,78,66,4,2,3,1,0,0,"","",2001,0,-1,"",0.66,0.21,0.34,0.33,0.1,0.12
20002,14:6,2,3,0,1,10,"hero_20002","herocard_20002",14:206,14:602,14:406,2,1,1,2,1,67,69,74,34,68,77,5,2,3,0,0,0,"","",2006,0,-1,"",0.68,0.17,0.31,0.15,0.1,0.1
20003,14:7,2,3,0,1,10,"hero_20003","herocard_20003",14:207,14:603,14:407,2,2,1,1,1,46,74,73,31,80,50,2,2,3,3,0,0,"","",2002,0,-1,"",0.27,0.27,0.66,0.36,0.1,0.1
20005,14:8,2,3,0,4,10,"hero_20005","herocard_20005",14:208,"",14:408,1,1,1,1,1,20,20,20,20,1,1,3,3,3,1,0,0,"","",3002,0,-1,"",0.17,0.17,0.17,0.17,0.17,0.17
20006,14:9,2,3,0,4,10,"hero_20006","herocard_20006",14:209,"",14:409,1,1,1,1,1,20,20,20,20,1,1,3,3,3,1,0,0,"","",3001,0,-1,"",0.17,0.17,0.17,0.17,0.17,0.17
20007,14:10,2,4,0,3,10,"hero_20007","herocard_20007",14:210,14:604,14:410,2,2,2,2,2,53,73,66,20,71,72,2,3,2,3,0,0,"","",2003,0,-1,"",0.24,0.56,0.31,0.49,0.43,0.12
20008,14:11,2,4,0,3,10,"hero_20008","herocard_20008",14:211,14:605,14:411,2,2,2,2,1,2,71,28,26,84,72,1,3,2,4,0,0,"","",2004,0,-1,"",0.12,0.51,0.3,0.41,0.42,0.12
20009,14:12,2,4,0,2,10,"hero_20009","herocard_20009",14:212,14:606,14:412,2,2,2,2,1,18,74,28,29,74,69,1,3,2,4,0,0,"","",2001,0,-1,"",0.16,0.49,0.3,0.37,0.4,0.12
20010,14:13,2,5,0,4,10,"hero_20010","herocard_20010",14:213,14:607,14:413,2,2,2,2,2,53,65,56,23,63,75,1,3,3,3,0,0,"","",2005,0,-1,"",0.21,0.48,0.49,0.35,0.41,0.12
20011,14:14,2,5,0,3,10,"hero_20011","herocard_20011",14:214,14:608,14:414,2,2,2,2,2,15,71,16,19,72,65,2,3,2,3,0,0,"","",2006,0,-1,"",0.27,0.52,0.31,0.42,0.42,0.12
20012,14:15,2,5,0,2,10,"hero_20012","herocard_20012",14:215,14:609,14:415,2,2,2,2,1,3,67,16,25,71,50,1,3,2,4,0,0,"","",2002,0,-1,"",0.12,0.47,0.41,0.38,0.1,0.42
20013,14:16,2,5,0,4,10,"hero_20013","herocard_20013",14:216,"",14:416,1,1,1,1,1,20,20,20,20,1,1,3,3,3,1,0,0,"","",3001,0,-1,"",0.17,0.17,0.17,0.17,0.17,0.17
20014,14:17,2,5,0,4,10,"hero_20014","herocard_20014",14:217,"",14:417,1,1,1,1,1,20,20,20,20,1,1,3,3,3,1,0,0,"","",3003,0,-1,"",0.17,0.17,0.17,0.17,0.17,0.17
30001,14:18,3,3,1,4,10,"hero_30001","herocard_30001",14:218,14:610,14:418,1,1,1,2,1,6,68,26,48,80,76,0,0,0,0,10,0,"","",1001,1001,0,"21001,21003",0.17,0.43,1.27,0.77,0.81,0.44
30002,14:19,3,3,0,4,20,"hero_30002","herocard_30002",14:219,14:611,14:419,2,1,1,2,3,40,6,39,70,41,68,3,2,4,1,0,0,"","",2008,2008,0,"21001",0.69,0.38,0.99,0.22,0.1,0.1
30003,14:20,3,3,0,3,20,"hero_30003","herocard_30003",14:220,14:612,14:420,2,1,3,1,1,73,71,41,46,23,3,3,3,2,2,0,0,"","",5002,5002,0,"21006",1.05,0.95,0.49,0.81,0.56,0.51
30004,14:21,3,3,0,3,20,"hero_30004","herocard_30004",14:221,14:613,14:421,1,1,1,2,2,49,83,43,50,86,73,1,4,1,4,0,0,"","",2009,2009,0,"21004",0.38,1.39,0.35,0.48,0.1,0.1
30005,14:22,3,3,0,2,20,"hero_30005","herocard_30005",14:222,14:614,14:422,2,2,2,2,2,33,79,34,57,84,84,1,4,2,3,0,0,"","",2010,2010,0,"21003",0.14,1.39,0.59,0.43,0.4,0.49
30006,14:23,3,3,1,2,20,"hero_30006","herocard_30006",14:223,14:615,14:423,1,2,1,2,2,28,65,18,44,74,66,0,0,0,0,0,10,"","",1005,1005,0,"21005",0.29,0.55,1.22,0.92,0.27,0.86
30007,14:24,3,3,0,1,20,"hero_30007","herocard_30007",14:224,14:616,14:424,1,2,1,2,2,70,62,56,19,37,24,3,2,4,1,0,0,"","",2011,2011,0,"21003",0.63,0.39,1.01,0.21,0.1,0.1
30008,14:25,3,3,1,4,20,"hero_30008","herocard_30008",14:225,14:617,14:425,1,1,1,2,1,67,46,62,32,70,64,0,0,0,0,10,0,"","",1002,1002,0,"21001",0.88,0.62,1.01,0.94,0.77,0.42
30009,14:26,3,3,0,4,20,"hero_30009","herocard_30009",14:226,14:618,14:426,1,1,2,1,3,76,35,70,28,40,74,5,3,2,0,0,0,"","",5004,5004,0,"21001",1.06,0.45,0.27,0.28,0.43,0.2
30010,14:27,3,3,0,4,20,"hero_30010","herocard_30010",14:227,14:619,14:427,3,2,2,3,1,77,4,56,68,14,25,6,1,4,-1,0,0,"","",2007,5001,0,"21003",1.71,0.14,0.66,0.2,0.14,0.17
30011,14:28,3,3,1,3,20,"hero_30011","herocard_30011",14:228,14:620,14:428,2,1,1,2,3,51,84,72,49,86,70,0,0,0,0,10,0,"","",1003,1003,0,"21002",0.66,1.5,1.08,0.9,0.68,0.48
30012,14:29,3,3,1,3,20,"hero_30012","herocard_30012",14:229,14:621,14:429,2,1,1,2,1,18,68,61,49,82,21,0,0,0,0,10,0,"","",1004,1004,0,"21006",0.31,1.01,0.94,0.81,0.71,0.53
30013,14:30,3,3,0,3,20,"hero_30013","herocard_30013",14:230,14:622,14:430,2,2,1,1,3,72,75,78,45,61,67,3,2,3,2,0,0,"","",3004,3004,0,"21005",0.81,0.36,0.76,0.52,0.1,0.1
30014,14:31,3,3,0,3,20,"hero_30014","herocard_30014",14:231,14:623,14:431,1,3,1,1,2,46,86,43,17,81,46,1,3,3,3,0,0,"","",2017,2017,0,"21002",0.28,0.84,0.83,0.2,0.64,0.3
30015,14:32,3,3,0,2,20,"hero_30015","herocard_30015",14:232,14:624,14:432,1,2,1,1,2,61,32,54,59,23,23,4,2,3,1,0,0,"","",2018,2018,0,"21001",1.08,0.55,0.66,0.67,0.1,0.1
30016,14:33,3,3,1,2,20,"hero_30016","herocard_30016",14:233,14:625,14:433,2,2,1,2,1,57,76,70,36,72,75,0,0,0,0,10,0,"","",1006,1006,0,"21005",0.6,1.01,0.52,0.92,0.71,0.51
30017,14:34,3,3,1,2,20,"hero_30017","herocard_30017",14:234,14:626,14:434,1,1,1,2,3,52,81,73,49,85,88,0,0,0,0,0,10,"","",1007,1007,0,"21004",0.71,1.19,0.31,0.45,0.48,0.73
30018,14:35,3,3,1,2,20,"hero_30018","herocard_30018",14:235,14:627,14:435,1,1,1,1,1,22,75,29,32,81,57,0,0,0,0,10,0,"","",1008,1008,0,"21004",1.44,1.05,0.76,0.9,0.79,0.47
30019,14:36,3,3,1,2,20,"hero_30019","herocard_30019",14:236,14:628,14:436,2,1,1,2,1,5,9,3,49,4,56,0,0,0,0,0,10,"","",1009,1009,0,"21006",0.07,0.13,0.04,0.77,0.01,1.18
30020,14:37,3,3,1,1,20,"hero_30020","herocard_30020",14:237,14:629,14:437,1,1,2,2,2,25,80,34,36,82,59,0,0,0,0,10,0,"","",1010,1010,0,"21002",0.34,0.45,1.04,0.69,0.74,0.46
30021,14:38,3,3,1,1,20,"hero_30021","herocard_30021",14:238,14:630,14:438,1,1,1,1,1,39,60,63,32,78,61,0,0,0,0,0,10,"","",1011,1011,0,"21004",0.8,0.99,0.71,0.92,0.43,0.83
30022,14:39,3,3,0,1,20,"hero_30022","herocard_30022",14:239,14:631,14:439,1,1,3,2,1,70,62,57,49,72,60,3,3,2,2,0,0,"","",5005,5005,0,"21002",1.13,0.83,0.67,0.87,0.61,0.52
30023,14:40,3,4,0,4,20,"hero_30023","herocard_30023",14:240,14:632,14:440,1,1,2,2,3,27,64,51,31,63,77,1,3,3,3,0,0,"","",2013,2013,0,"21001",0.36,0.77,0.7,0.59,0.4,0.49
30024,14:41,3,4,0,3,20,"hero_30024","herocard_30024",14:241,14:633,14:441,1,1,3,1,2,69,71,79,55,60,75,3,2,3,2,0,0,"","",2019,2019,0,"21005",0.94,0.35,0.83,0.63,0.1,0.1
30025,14:42,3,4,0,4,20,"hero_30025","herocard_30025",14:242,14:634,14:442,1,1,3,1,1,77,38,68,29,27,31,5,3,2,0,0,0,"","",2012,2012,0,"21002",1.25,0.55,0.31,0.34,0.1,0.1
30026,14:43,3,4,0,2,20,"hero_30026","herocard_30026",14:243,14:635,14:443,2,1,2,2,1,63,37,46,20,24,20,3,2,4,1,0,0,"","",2014,2014,0,"21004",0.71,0.49,1.29,0.27,0.1,0.1
30027,14:44,3,4,0,2,20,"hero_30027","herocard_30027",14:244,14:636,14:444,2,1,3,1,1,61,77,76,55,67,71,2,3,3,2,0,0,"","",2015,2015,0,"21005",0.48,0.88,0.81,0.66,0.53,0.36
30028,14:45,3,4,0,1,20,"hero_30028","herocard_30028",14:245,14:637,14:445,2,2,2,2,1,75,62,74,64,56,67,4,2,2,2,0,0,"","",2016,2016,0,"21006",1.23,0.57,0.62,0.7,0.1,0.1
30029,14:46,3,4,0,2,20,"hero_30029","herocard_30029",14:246,14:638,14:446,1,2,1,1,2,73,70,79,51,70,77,4,2,3,1,0,0,"","",2020,2020,0,"21006",0.98,0.43,0.9,0.46,0.1,0.1
30030,14:47,3,4,0,1,20,"hero_30030","herocard_30030",14:247,14:639,14:447,2,1,2,1,1,72,53,63,51,45,71,3,2,3,2,0,0,"","",2021,2021,0,"21004",0.91,0.42,0.91,0.52,0.1,0.1
30031,14:48,3,4,0,4,20,"hero_30031","herocard_30031",14:248,"",14:448,1,1,1,1,1,30,30,30,30,1,1,3,3,3,1,0,0,"","",3001,0,-1,"",0.27,0.27,0.27,0.27,0.27,0.27
30032,14:49,3,4,0,4,20,"hero_30032","herocard_30032",14:249,"",14:449,1,1,1,1,1,30,30,30,30,1,1,3,3,3,1,0,0,"","",3003,0,-1,"",0.27,0.27,0.27,0.27,0.27,0.27
30033,14:50,3,4,0,4,20,"hero_30033","herocard_30033",14:250,"",14:450,1,1,1,1,1,30,30,30,30,1,1,3,3,3,1,0,0,"","",3002,0,-1,"",0.27,0.27,0.27,0.27,0.27,0.27
30034,14:51,3,4,0,4,20,"hero_30034","herocard_30034",14:251,"",14:451,1,1,1,1,1,30,30,30,30,1,1,3,3,3,1,0,0,"","",3001,0,-1,"",0.27,0.27,0.27,0.27,0.27,0.27
30035,14:52,3,5,0,1,20,"hero_30035","herocard_30035",14:252,14:640,14:452,1,2,1,2,3,49,40,49,31,58,50,5,2,2,1,0,0,"","",5003,5003,0,"21003",1.32,0.39,0.34,0.48,0.1,0.1
30037,14:53,3,3,1,1,10,"hero_30037","herocard_30037",14:253,14:641,14:453,2,2,2,2,1,33,82,33,32,83,17,0,0,0,0,10,0,"","",1012,1012,-1,"",0.63,1.26,0.69,0.85,0.88,0.51
40001,14:54,4,3,0,4,20,"hero_40001","herocard_40001",14:254,14:642,14:454,1,3,3,1,4,71,81,83,30,76,82,1,4,2,3,0,0,"40033,40055,40058","2046,2055,2057,2048",2027,2027,0,"21003",0.26,1.69,0.99,0.38,0.44,0.43
40002,14:55,4,3,0,1,20,"hero_40002","herocard_40002",14:255,14:643,14:455,1,3,2,2,4,77,79,78,52,74,65,3,3,2,2,0,0,"40010,40001,40014","4002,6005",4003,4003,0,"21002",1.36,1.44,0.78,0.78,0.51,0.46
40003,14:56,4,3,1,4,40,"hero_40003","herocard_40003",14:256,14:644,14:456,2,2,3,1,1,31,72,48,37,81,83,0,0,0,0,0,10,"","",1020,2059,2,"21001",0.43,1.01,0.73,0.77,0.95,1.97
40004,14:57,4,4,0,1,40,"hero_40004","herocard_40004",14:257,14:645,14:457,1,4,2,3,2,78,81,87,37,75,77,2,3,3,2,0,0,"40038,40002,40056","6007,6002,7002,4027,4003",4002,4002,0,"21006",0.93,1.27,1.53,0.41,0.51,0.46
40005,14:58,4,4,0,4,40,"hero_40005","herocard_40005",14:258,14:646,14:458,3,1,1,3,2,82,10,70,62,5,25,5,1,3,1,0,0,"","2035,2054,2043,2028,2034",2030,2030,0,"21001",1.94,0.18,0.9,1.08,0.31,0.35
40006,14:59,4,4,0,3,40,"hero_40006","herocard_40006",14:259,14:647,14:459,2,2,4,2,2,81,78,86,34,65,73,5,3,3,-1,0,0,"40028,40055,40001","2044,2031,2049,2043,2037",2024,3010,0,"21001",1.88,0.87,0.85,0.52,0.39,0.48
40007,14:60,4,4,0,2,40,"hero_40007","herocard_40007",14:260,14:648,14:460,1,2,1,2,2,84,76,83,60,74,52,0,0,0,0,10,0,"","",1016,2056,0,"21004",1.19,1.3,0.89,0.76,1.76,0.66
40008,14:61,4,4,0,2,40,"hero_40008","herocard_40008",14:261,14:649,14:461,2,2,3,2,1,84,25,66,71,14,44,4,2,2,2,0,0,"40055,40028,40031","2054,2044,5007,3007,5008",5006,5006,0,"21005",1.66,0.81,0.83,0.97,0.49,0.38
40009,14:62,4,4,0,2,40,"hero_40009","herocard_40009",14:262,14:650,14:462,1,3,3,1,2,23,88,53,54,90,86,1,4,2,3,0,0,"40001,40051,40054","2046,2048,2055,2060",3008,3008,0,"21005",0.45,1.94,1.09,0.54,1.44,1.09
40010,14:63,4,4,0,1,40,"hero_40010","herocard_40010",14:263,14:651,14:463,1,3,1,2,1,75,53,78,66,56,71,5,1,3,1,0,0,"","2054,2037,2041,2029,2043",2031,2031,0,"21004",1.78,0.16,1.05,0.77,0.15,0.44
40011,14:64,4,4,0,4,40,"hero_40011","herocard_40011",14:264,14:652,14:464,3,2,2,1,2,50,82,52,59,68,37,1,3,3,3,0,0,"40038,40025,40035","2027,2058,2055,2048",2047,2047,2,"21001",0.57,1.61,1.53,0.82,1.03,0.42
40012,14:65,4,4,1,3,40,"hero_40012","herocard_40012",14:265,14:653,14:465,1,2,2,1,1,34,81,75,66,89,90,0,0,0,0,10,0,"","",1027,1027,9,"21006",1.34,1.19,1.5,0.88,1.86,0.83
40013,14:66,4,4,0,1,40,"hero_40013","herocard_40013",14:266,14:654,14:466,3,2,2,1,1,35,79,47,71,81,51,1,4,1,4,0,0,"","4002,2060,2048,3006,6001",2053,2053,9,"21006",0.38,1.99,0.5,0.77,1.26,0.7
40014,14:67,4,5,0,4,40,"hero_40014","herocard_40014",14:267,14:655,14:467,2,3,2,4,3,80,74,78,74,56,80,4,2,2,2,0,0,"40052,40039,40016","2043,2029,2037,2054,2031",2028,2028,0,"21003",1.78,1.01,0.97,1.24,0.42,0.48
40015,14:68,4,5,0,4,40,"hero_40015","herocard_40015",14:268,14:656,14:468,1,2,3,4,4,61,73,92,18,51,72,3,2,3,2,0,0,"40063,40017,40032","3006,2052,3010,2053,4002",3005,3005,0,"21001",1.23,0.77,1.7,0.9,0.48,0.59
40016,14:69,4,5,0,3,40,"hero_40016","herocard_40016",14:269,14:657,14:469,2,3,2,4,2,80,75,81,52,55,56,3,2,3,2,0,0,"40052,40014,40010","2054,2031,2028,2037,2049",2029,2029,0,"21003",1.58,0.73,1.6,0.9,0.43,0.53
40017,14:70,4,5,0,3,40,"hero_40017","herocard_40017",14:270,14:658,14:470,1,2,2,3,2,85,50,72,59,48,60,4,2,3,1,0,0,"40063,40015,40032","3005,2029,2054,2037,2045",3006,3006,0,"21005",1.77,0.81,1.17,1.07,0.42,0.51
40018,14:71,4,5,1,2,40,"hero_40018","herocard_40018",14:271,14:659,14:471,1,2,3,1,2,32,75,20,63,71,74,0,0,0,0,10,0,"","",1014,2054,0,"21004",0.59,1.03,1.2,0.7,1.85,0.79
40019,14:72,4,5,0,2,40,"hero_40019","herocard_40019",14:272,14:660,14:472,3,3,1,3,1,82,72,80,57,60,76,4,2,3,1,0,0,"","2054,2037,5006,2029,4021",3007,3007,0,"21004",1.64,0.79,1.36,0.85,0.44,0.48
40020,14:73,4,5,1,1,40,"hero_40020","herocard_40020",14:273,14:661,14:473,1,1,2,1,2,9,75,25,66,78,72,0,0,0,0,10,0,"","",1015,2055,0,"21003",1.23,1.03,1.16,0.82,1.88,0.87
40021,14:74,4,5,1,4,40,"hero_40021","herocard_40021",14:274,14:662,14:474,2,1,3,2,2,63,82,86,64,85,81,0,0,0,0,10,0,"","",1023,1023,0,"21001",1.11,1.17,1.19,0.73,1.76,1.03
40022,14:75,4,5,0,4,40,"hero_40022","herocard_40022",14:275,14:663,14:475,1,2,4,2,2,84,78,84,56,59,76,3,2,3,2,0,0,"40051,40055,40058","2044,2033,2037,3008,2028",2032,2032,0,"21004",1.52,0.73,1.36,0.81,0.44,0.51
40023,14:76,4,5,0,4,40,"hero_40023","herocard_40023",14:276,14:664,14:476,3,1,1,2,2,72,24,69,44,1,17,4,2,3,1,0,0,"","",2033,2033,0,"21003",1.71,0.7,1.09,1.07,0,0.13
40024,14:77,4,5,0,4,40,"hero_40024","herocard_40024",14:277,14:665,14:477,2,3,1,3,3,81,45,75,50,47,53,3,1,3,3,0,0,"40045,40060,40052","2028,2029,2037,2054,2043",2034,2034,0,"21001",1.63,0.41,1.11,1.52,0.38,0.47
40025,14:78,4,5,0,4,40,"hero_40025","herocard_40025",14:278,14:666,14:478,3,3,1,2,3,81,57,76,51,48,63,4,2,3,1,0,0,"","2028,2043,2029,2054,2037",2035,2035,0,"21002",1.76,0.95,1.07,1.16,0.43,0.56
40026,14:79,4,5,1,4,40,"hero_40026","herocard_40026",14:279,14:667,14:479,1,1,3,2,1,26,74,51,36,78,89,0,0,0,0,0,10,"","",1024,1024,0,"",0.28,1.74,0.77,0.84,0.99,1.96
40027,14:80,4,5,0,4,40,"hero_40027","herocard_40027",14:280,14:668,14:480,3,2,1,1,1,5,73,30,38,75,65,0,3,3,4,0,0,"","2057,2046,4002,2048",2036,2036,0,"",0.01,1.77,1.49,0.89,1.22,0.95
40028,14:81,4,5,0,3,40,"hero_40028","herocard_40028",14:281,14:669,14:481,2,2,3,3,1,80,74,76,74,28,12,4,2,2,2,0,0,"40006,40055,40031","2044,2029,2054,2049,2043",2037,2037,0,"21004",1.77,1.05,1.03,1.19,0.46,0.38
40029,14:82,4,5,1,3,40,"hero_40029","herocard_40029",14:282,14:670,14:482,2,2,1,2,3,63,75,73,66,75,69,0,0,0,0,10,0,"","",1017,3010,0,"21002",1.31,0.89,0.96,0.79,1.71,0.87
40030,14:83,4,5,1,3,40,"hero_40030","herocard_40030",14:283,14:671,14:483,1,2,1,2,2,18,80,43,54,90,76,0,0,0,0,10,0,"","",1025,1025,0,"21005",1.17,1.05,1.27,0.9,1.87,0.77
40031,14:84,4,5,0,3,40,"hero_40031","herocard_40031",14:284,14:672,14:484,2,3,4,2,1,84,54,78,39,42,74,4,2,3,1,0,0,"40055,40022,40051","2044,3010,2033,2029,2037",2038,2038,0,"21003",1.83,1.04,1.43,0.79,0.85,1.33
40032,14:85,4,5,0,2,40,"hero_40032","herocard_40032",14:285,14:673,14:485,2,3,1,3,1,76,69,73,33,49,66,3,2,4,1,0,0,"40015,40063,40017","4002,2054,2042,2048,3010",4004,4004,0,"21006",1.25,0.89,1.85,0.34,0.51,0.47
40033,14:86,4,5,0,2,40,"hero_40033","herocard_40033",14:286,14:674,14:486,2,1,3,1,1,67,87,61,68,68,67,1,3,3,3,0,0,"40051,40001,40058","2027,2055,2059,2046,6006",2039,2039,0,"21006",0.79,1.74,1.62,1.21,0.7,0.33
40034,14:87,4,5,0,2,40,"hero_40034","herocard_40034",14:287,14:675,14:487,1,2,3,2,3,79,44,75,74,50,76,3,2,2,3,0,0,"40055,40022,40028","2028,2037,2029,2054,2043",4005,4005,0,"21005",1.67,0.89,1.01,1.28,0.42,0.4
40035,14:88,4,5,0,1,40,"hero_40035","herocard_40035",14:288,14:676,14:488,3,3,2,2,1,74,70,81,56,72,88,3,3,2,2,0,0,"40014,40031,40053","5008,2038,3010,2054,2029",2040,2040,0,"21005",1.58,1.57,0.85,0.88,0.46,0.43
40036,14:89,4,5,1,1,40,"hero_40036","herocard_40036",14:289,14:677,14:489,1,2,2,1,1,24,77,70,56,91,80,0,0,0,0,10,0,"","",1018,2057,0,"21006",1.22,1.19,1.36,0.88,1.85,0.77
40037,14:90,4,5,0,1,40,"hero_40037","herocard_40037",14:290,14:678,14:490,2,2,3,3,1,81,44,79,48,35,54,3,2,3,2,0,0,"40031,40055,40028","2029,2054,3010,2043,2028",2041,2041,0,"21001",1.5,0.75,1.6,0.88,0.42,0.55
40038,14:91,4,5,0,1,40,"hero_40038","herocard_40038",14:291,14:679,14:491,3,4,2,2,2,90,40,82,56,35,76,4,2,3,1,0,0,"40002,40056,40053","2029,2037,2033,2028,2054",2042,2042,0,"21006",2,0.57,1.33,0.77,0.42,0.55
40039,14:92,4,5,0,1,40,"hero_40039","herocard_40039",14:292,14:680,14:492,1,4,2,3,2,82,69,80,20,69,72,4,2,3,1,0,0,"40001,40054,40016","2054,2042,2029,3007,2028",5007,5007,0,"21004",1.81,0.65,1.05,0.83,0.9,0.53
40040,14:93,4,5,0,4,40,"hero_40040","herocard_40040",14:293,14:681,14:493,2,1,3,2,3,60,83,80,31,73,70,0,3,3,4,0,0,"40001,40051,40031","2027,2046,4002,2057",2048,2048,2,"21001",0.14,1.92,1.27,0.48,1,0.94
40041,14:94,4,5,0,4,40,"hero_40041","herocard_40041",14:294,14:682,14:494,3,1,1,2,3,75,82,81,46,61,80,3,2,3,2,0,0,"40042,40038,40035","2054,2043,2028,2029,3010",5008,5008,4,"21002",1.58,0.73,1.6,0.9,0.42,0.53
40042,14:95,4,5,0,4,40,"hero_40042","herocard_40042",14:295,14:683,14:495,3,1,1,2,1,76,13,64,42,14,13,4,1,3,2,0,0,"40041,40038,40035","2054,2029,2043,2037,6001",2049,2049,6,"21003",1.63,0.41,0.88,1.09,0.03,0.03
40043,14:96,4,5,1,4,40,"hero_40043","herocard_40043",14:296,14:684,14:496,3,2,2,1,2,62,58,70,60,52,62,0,0,0,0,0,10,"","",1021,2061,7,"21004",0.7,1.4,0.97,0.71,0.96,1.93
40044,14:97,4,5,1,2,40,"hero_40044","herocard_40044",14:297,14:685,14:497,2,2,2,2,3,30,83,77,58,92,83,0,0,0,0,10,0,"","",1022,2059,8,"21005",1.11,1.11,1.11,0.85,1.76,0.72
40045,14:98,4,5,0,2,40,"hero_40045","herocard_40045",14:298,14:686,14:498,2,3,1,3,1,84,42,68,56,33,60,4,2,3,1,0,0,"40024,40052,40014","2054,2028,3007,2041,2049",3009,3009,8,"21005",1.86,0.53,1.41,0.98,0.16,0.79
40046,14:99,4,5,0,4,40,"hero_40046","herocard_40046",14:299,"",14:499,2,2,2,2,1,40,40,40,40,1,1,3,3,3,1,0,0,"","",3001,0,-1,"",0.37,0.37,0.37,0.37,0.37,0.37
40047,14:100,4,5,0,4,40,"hero_40047","herocard_40047",14:300,"",14:500,2,2,2,2,1,40,40,40,40,1,1,3,3,3,1,0,0,"","",3003,0,-1,"",0.37,0.37,0.37,0.37,0.37,0.37
40048,14:101,4,5,0,4,40,"hero_40048","herocard_40048",14:301,"",14:501,2,2,2,2,1,40,40,40,40,1,1,3,3,3,1,0,0,"","",3002,0,-1,"",0.37,0.37,0.37,0.37,0.37,0.37
40049,14:102,4,5,0,4,40,"hero_40049","herocard_40049",14:302,"",14:502,2,2,2,2,1,40,40,40,40,1,1,3,3,3,1,0,0,"","",3001,0,-1,"",0.37,0.37,0.37,0.37,0.37,0.37
40050,14:103,4,6,1,2,40,"hero_40050","herocard_40050",14:303,14:687,14:503,2,3,2,1,1,29,78,33,32,83,85,0,0,0,0,10,0,"","",1013,1013,-1,"",0.28,1.17,0.73,0.8,2.25,1.47
40051,14:104,4,6,0,4,40,"hero_40051","herocard_40051",14:304,14:688,14:504,1,2,4,2,3,65,70,89,29,71,73,1,3,3,3,0,0,"40001,40055,40058","6006,2057,4002,2046",4001,2058,0,"21002",0.65,1.76,1.57,0.56,0.43,0.44
40052,14:105,4,6,0,4,40,"hero_40052","herocard_40052",14:305,14:689,14:505,2,2,1,4,2,73,64,80,74,45,59,3,2,2,3,0,0,"40014,40039,40016","2028,2029,2050,2037,2054",2043,2043,0,"21002",1.76,1.11,1.03,1.24,0.44,0.38
40053,14:106,4,6,0,4,40,"hero_40053","herocard_40053",14:306,14:690,14:506,4,3,2,1,1,83,51,78,43,48,55,4,2,4,0,0,0,"40002,40056,40038","3005,3006,2054,6001,2029",2025,2054,0,"21002",1.87,0.66,1.99,0.32,0.4,0.47
40054,14:107,4,6,0,4,40,"hero_40054","herocard_40054",14:307,14:691,14:507,2,4,2,1,1,21,84,43,34,70,39,1,3,2,4,0,0,"","2046,2027,2055,2057",2026,2057,0,"",0.36,2.06,1.16,0.61,1.05,0.48
40055,14:108,4,6,0,3,40,"hero_40055","herocard_40055",14:308,14:692,14:508,3,2,4,1,1,85,61,76,50,51,68,4,2,3,1,0,0,"40031,40022,40051","2037,2029,2054,2031,2033",2044,2044,0,"21003",1.81,0.85,1.52,0.97,0.46,0.38
40056,14:109,4,6,0,3,40,"hero_40056","herocard_40056",14:309,14:693,14:509,2,3,1,3,1,87,43,76,51,40,62,3,3,3,1,0,0,"40002,40053,40038","3010,2029,2054,2049,2043",2045,2045,0,"",1.84,1.32,1.66,0.77,0.39,0.53
40057,14:110,4,6,1,2,40,"hero_40057","herocard_40057",14:310,14:694,14:510,2,1,2,2,2,28,79,47,53,91,79,0,0,0,0,10,0,"","",1019,2058,0,"21006",1.15,0.84,1.09,0.59,1.77,0.74
40058,14:111,4,6,0,1,40,"hero_40058","herocard_40058",14:311,14:695,14:511,2,1,3,2,4,32,92,56,34,73,69,1,3,3,3,0,0,"40001,40031,40055","2027,2055,2057,2048",2046,2046,0,"21002",0.34,2.31,1.47,0.54,0.55,0.44
40059,14:112,4,6,1,3,40,"hero_40059","herocard_40059",14:312,14:696,14:512,1,1,2,1,1,10,64,47,35,72,50,0,0,0,0,0,10,"","",1028,2060,4,"21002",1.36,1.05,1.43,1.19,0.9,1.89
40060,14:113,4,6,0,4,40,"hero_40060","herocard_40060",14:313,14:697,14:513,2,1,2,4,1,82,41,70,67,2,30,3,1,2,4,0,0,"40045,40052,40014","2043,2041,2037,3007,2054",2050,2050,6,"21003",1.81,0.61,1.13,2.09,0.01,0.43
40061,14:114,4,6,1,1,40,"hero_40061","herocard_40061",14:314,14:698,14:514,1,1,2,2,1,4,83,25,54,79,43,0,0,0,0,0,10,"","",1026,1026,7,"21004",1.17,0.97,1.13,0.85,0.8,1.91
40062,14:115,4,6,0,2,40,"hero_40062","herocard_40062",14:315,14:699,14:515,1,2,4,2,1,59,82,75,29,79,78,1,3,3,3,0,0,"40001,40051,40031","2027,2048,2055,6004",2051,2051,8,"21005",0.62,1.93,1.47,0.36,1.03,1.05
40063,14:116,4,6,0,3,40,"hero_40063","herocard_40063",14:316,14:700,14:516,3,1,3,3,1,82,77,84,31,56,59,3,2,4,1,0,0,"","3010,3006,3005,4002,3034",2052,2052,9,"21006",1.36,1.03,1.82,0.36,1.03,1.05
50001,14:117,5,3,0,4,40,"hero_50001","herocard_50001",14:317,14:701,14:517,2,1,1,1,1,11,77,61,71,80,85,0,9,0,1,0,0,"50066,50010,50004","4002,2048,2056,4027,3006",2062,2087,0,"",0.26,1.89,1.65,1.31,0.87,1.2
50002,14:118,5,3,1,3,40,"hero_50002","herocard_50002",14:318,14:702,14:518,1,1,2,1,1,12,74,40,81,77,92,0,0,0,0,0,10,"","",1033,2087,4,"21002",0.35,0.95,0.7,0.9,1.05,2.35
50003,14:119,5,4,0,4,40,"hero_50003","herocard_50003",14:319,14:703,14:519,2,1,2,1,1,26,81,20,77,65,94,0,5,1,4,0,0,"50055,50065,50043","2088,2048,4002,6004,3006",2063,2088,0,"21006",0.45,1.97,1.89,1.32,0.8,1.32
50004,14:120,5,4,0,2,80,"hero_50004","herocard_50004",14:320,14:704,14:520,2,4,3,3,3,47,94,82,71,78,55,0,9,0,1,0,0,"50009,50001,50010","7001,2048,4021,2046,6006",2064,2089,0,"21005",0.32,2.09,1.01,0.68,0.8,0.77
50005,14:121,5,4,1,1,80,"hero_50005","herocard_50005",14:321,14:705,14:521,3,3,4,1,1,71,83,70,56,86,82,0,0,0,0,10,0,"","",1029,4021,0,"",0.92,1.85,1.34,1.04,2.4,1.05
50006,14:122,5,4,1,3,80,"hero_50006","herocard_50006",14:322,14:706,14:522,1,1,2,1,1,11,73,57,80,78,92,0,0,0,0,0,10,"","",1034,3034,6,"21003",0.3,1,0.65,0.85,1.1,2.4
50007,14:123,5,4,0,2,80,"hero_50007","herocard_50007",14:323,14:707,14:523,1,1,1,1,4,31,88,58,66,87,79,0,4,4,2,0,0,"50067,50024,50009","6005,4002,6001,4022",4016,7002,8,"21005",0.46,2.01,1.35,1.07,0.71,0.86
50008,14:124,5,4,1,4,80,"hero_50008","herocard_50008",14:324,14:708,14:524,1,1,2,1,1,8,92,21,63,74,86,0,0,0,0,0,10,"","",1037,2092,9,"21006",0.13,2.01,0.74,0.37,1.84,2.3
50009,14:125,5,5,0,4,80,"hero_50009","herocard_50009",14:325,14:709,14:525,1,1,1,1,1,10,94,34,31,23,1,0,9,0,1,0,0,"50004,50001,50010","4027,4002,2091",4006,2090,0,"21005",0.33,2.35,0.94,0.44,0.8,0.77
50010,14:126,5,5,0,4,80,"hero_50010","herocard_50010",14:326,14:710,14:526,1,1,1,1,1,12,83,18,78,72,70,0,9,0,1,0,0,"50066,50001,50004","4027,4002,2091,2048,6004",4007,2091,0,"21004",0.38,2.02,1.76,1.25,0.7,0.8
50011,14:127,5,5,0,4,80,"hero_50011","herocard_50011",14:327,14:711,14:527,3,3,2,4,1,94,21,88,53,23,53,8,0,1,1,0,0,"50019,50069,50048","2054,2037,5007,2049",5009,4021,0,"",2.1,0.59,1.26,0.83,0.65,1.02
50012,14:128,5,5,0,4,80,"hero_50012","herocard_50012",14:328,14:712,14:528,4,2,2,3,1,92,61,88,68,40,57,8,0,1,1,0,0,"50064,50037,50035","2054,4005,2033,2037",2065,2092,0,"21002",2.39,0.81,1.34,1.27,0.42,0.34
50013,14:129,5,5,0,4,80,"hero_50013","herocard_50013",14:329,14:713,14:529,3,3,4,3,1,93,47,89,55,34,38,8,0,1,1,0,0,"50055,50064,50019","2031,2049,2054,2037,2033",2066,2093,0,"21006",2.02,0.71,1.3,0.82,0.49,0.97
50014,14:130,5,5,0,4,80,"hero_50014","herocard_50014",14:330,14:714,14:530,4,1,2,1,1,80,52,82,57,59,89,7,0,1,2,0,0,"50067,50024,50026","2054,2041,4002,2037,2033",6001,6001,0,"21005",1.77,0.61,1.21,0.85,0.61,0.5
50015,14:131,5,5,0,4,80,"hero_50015","herocard_50015",14:331,14:715,14:531,1,4,2,1,4,86,60,85,28,46,69,3,1,5,1,0,0,"50010,50066,50009","4002,3010,5006,2045,3006",6002,6002,0,"21003",1.48,0.8,1.77,0.31,0.35,0.38
50016,14:132,5,5,0,3,80,"hero_50016","herocard_50016",14:332,14:716,14:532,4,2,3,3,3,92,74,96,32,70,92,7,1,1,1,0,0,"50033,50069,50037","2054,2037,2028,2041,5007",3011,2093,0,"",2.07,1.06,1.37,0.76,0.34,0.27
50017,14:133,5,5,0,3,80,"hero_50017","herocard_50017",14:333,14:717,14:533,2,3,3,4,2,79,79,84,21,74,85,2,0,7,1,0,0,"50039,50071,50072","2052,2053,6004,3034,4023",3012,5011,0,"21002",1.19,1.44,2.06,0.49,0.31,0.43
50018,14:134,5,5,0,3,80,"hero_50018","herocard_50018",14:334,14:718,14:534,2,3,4,3,2,83,70,80,31,65,81,2,2,5,1,0,0,"50003,50055,50017","6004,4002,2038,3006,2052",2067,2094,0,"21005",1.41,1.27,1.68,0.54,0.31,0.73
50019,14:135,5,5,0,1,80,"hero_50019","herocard_50019",14:335,14:719,14:535,3,2,4,2,3,91,68,90,75,61,80,8,0,1,1,0,0,"50069,50048,50011","2054,5006,5012,2101,5007",5010,2095,0,"21004",2.36,0.84,0.57,1.24,0.21,0.35
50020,14:136,5,5,0,1,80,"hero_50020","herocard_50020",14:336,14:720,14:536,3,2,3,4,4,87,89,93,74,81,70,1,5,1,3,0,0,"50055,50011,50043","2040,2057,6003,2048",2068,3029,0,"21005",1.47,1.66,1.79,1.11,0.9,0.85
50021,14:137,5,5,0,1,80,"hero_50021","herocard_50021",14:337,14:721,14:537,3,4,2,3,1,78,74,83,35,57,53,7,0,1,2,0,0,"50052,50033,50047","2037,2031,2033,2054,2035",2069,5011,0,"21002",2.01,0.85,1.14,0.59,0.7,0.4
50022,14:138,5,5,0,4,80,"hero_50022","herocard_50022",14:338,14:722,14:538,4,2,3,2,2,26,93,61,59,65,38,0,9,0,1,0,0,"50055,50065,50020","2027,2048,2057,4027,2046",2078,2100,2,"21001,21002",0.31,2.1,1.02,0.56,0.99,0.45
50023,14:139,5,5,0,2,80,"hero_50023","herocard_50023",14:339,14:723,14:539,4,2,3,2,2,64,93,87,48,80,81,0,9,0,1,0,0,"50030,50041,50055","5011,2055,2057,7001,2048",2079,4027,2,"21001",0.3,2.33,1.29,0.51,0.79,1.05
50024,14:140,5,5,0,1,80,"hero_50024","herocard_50024",14:340,14:724,14:540,3,3,3,2,2,15,96,88,83,84,78,0,5,4,1,0,0,"50007,50009,50010","6005,4027,6001",4013,2089,2,"21001",0.21,2.64,1.42,1.21,1.1,0.85
50025,14:141,5,5,0,1,80,"hero_50025","herocard_50025",14:341,14:725,14:541,4,3,2,3,4,85,56,80,56,51,65,8,0,1,1,0,0,"50033,50047,50064","5016,2030,3007,2056,6005",2081,7002,4,"21002",1.83,0.72,1.39,0.81,0.31,0.31
50026,14:142,5,5,0,1,80,"hero_50026","herocard_50026",14:342,14:726,14:542,4,1,2,2,1,71,63,75,52,35,72,7,0,2,1,0,0,"50013,50055,50064","4002,2054,4003,5006",6005,6005,6,"21003",1.72,0.79,1.34,0.47,0.24,0.41
50027,14:143,5,5,0,2,80,"hero_50027","herocard_50027",14:343,14:727,14:543,2,2,4,1,1,79,76,83,55,58,51,5,2,2,1,0,0,"50022,40051,40055","2044,4002,2054,2031,5011",6006,6006,7,"21004",1.3,1.25,1.44,0.85,0.38,0.73
50028,14:144,5,6,0,4,80,"hero_50028","herocard_50028",14:344,14:728,14:544,3,4,4,2,3,25,86,87,34,80,98,0,9,0,1,0,0,"50030,50023,50055","2027,2055,2057,6007",2070,2096,0,"21001",0.4,2.38,1.41,0.59,1.11,2.64
50029,14:145,5,6,0,4,80,"hero_50029","herocard_50029",14:345,14:729,14:545,2,3,4,2,4,69,70,81,62,73,90,6,1,2,1,0,0,"50035,50052,50021","2040,2038,3029,2044,4002",2071,3030,0,"21001",1.83,1.65,1.84,1.04,0.81,1.05
50030,14:146,5,6,0,3,80,"hero_50030","herocard_50030",14:346,14:730,14:546,2,3,4,3,1,71,96,95,42,86,93,0,8,0,2,0,0,"50028,50065,50055","2087,2055,2048,2094",3013,2094,0,"21002",0.47,2.62,1.66,0.67,1.68,0.96
50031,14:147,5,6,0,3,80,"hero_50031","herocard_50031",14:347,14:731,14:547,3,4,2,3,1,90,79,94,34,73,91,3,0,6,1,0,0,"50071,50042,50017","3005,3006,3034,3030,4002",2072,4022,0,"21001",2,0.83,2.05,0.45,0.45,0.33
50032,14:148,5,6,0,3,80,"hero_50032","herocard_50032",14:348,14:732,14:548,2,2,3,4,4,81,89,91,37,78,82,1,7,0,2,0,0,"50065,50064,50055","2040,2038,6004,6006",4008,3031,0,"21003",1.68,1.95,1.35,0.59,0.65,1.02
50033,14:149,5,6,0,3,80,"hero_50033","herocard_50033",14:349,14:733,14:549,3,3,3,4,4,94,76,93,36,18,58,8,0,0,2,0,0,"50047,50037,50012","2031,2095,2035,2044",3014,5012,0,"21004",2.6,0.45,1.16,0.51,0.44,0.7
50034,14:150,5,6,0,3,80,"hero_50034","herocard_50034",14:350,14:734,14:550,3,2,4,3,1,67,80,79,77,89,95,7,1,1,1,0,0,"50019,50016,50069","5013,2097,5006,5008,5007",4009,2097,0,"",1.71,1.36,1.69,0.83,1.42,1.34
50035,14:151,5,6,0,2,80,"hero_50035","herocard_50035",14:351,14:735,14:551,3,4,1,4,1,98,30,94,70,22,45,8,0,1,1,0,0,"50064,50033,50037","2032,4021,2093,2099,2033",3015,2098,0,"21003",2.69,0.22,1.69,1.26,0.2,0.34
50036,14:152,5,6,0,2,80,"hero_50036","herocard_50036",14:352,14:736,14:552,4,3,3,4,1,96,77,96,70,65,81,9,0,0,1,0,0,"50064,50025,50047","2093,2102,2097,2099,2032",3016,2099,0,"21004",2.62,0.96,2.06,1.11,0.7,0.9
50037,14:153,5,6,0,2,80,"hero_50037","herocard_50037",14:353,14:737,14:553,3,4,4,3,1,93,65,90,52,52,75,8,0,1,1,0,0,"50064,50012,50025","3008,2031,2095,2044,2030",2073,2095,0,"21006",2.3,1.07,1.16,0.81,0.46,0.54
50038,14:154,5,6,0,2,80,"hero_50038","herocard_50038",14:354,14:738,14:554,1,2,2,4,2,71,67,76,53,53,69,6,2,1,1,0,0,"50070,50030,50074","2054,7001,2040,4021,4002",6003,6003,0,"21006",1.62,1.58,0.72,0.95,0.65,0.53
50039,14:155,5,6,0,1,80,"hero_50039","herocard_50039",14:355,14:739,14:555,4,3,1,3,2,90,63,92,66,70,81,7,0,2,1,0,0,"50017,50072,50071","2053,3005,4023,2030",3017,3032,0,"21003",2.1,0.84,2.07,1.18,0.31,0.25
50040,14:156,5,6,1,1,80,"hero_50040","herocard_50040",14:356,14:740,14:556,1,1,2,1,1,14,95,62,31,98,93,0,0,0,0,10,0,"","",1030,2100,0,"",0.54,2.38,0.74,0.41,2.7,1.29
50041,14:157,5,6,0,1,80,"hero_50041","herocard_50041",14:357,14:741,14:557,4,1,3,1,3,49,90,70,44,79,58,0,9,0,1,0,0,"50023,50070,50030","2051,3008,2100,2027",2074,4023,0,"21002",0.41,2.32,1.36,0.59,1.3,0.96
50042,14:158,5,6,0,1,80,"hero_50042","herocard_50042",14:358,14:742,14:558,3,4,2,3,1,86,62,89,23,46,76,2,0,7,1,0,0,"50031,50072,50039","3034,6007,7002,3005,4002",2075,7001,0,"21004",1.26,1.02,2.31,0.43,0.31,0.13
50043,14:159,5,6,0,4,80,"hero_50043","herocard_50043",14:359,14:743,14:559,3,4,2,3,3,29,93,72,61,87,64,0,7,0,3,0,0,"50020,50003,50055","2027,2048,2046,2060,6002",2080,3033,2,"21001",0.31,2.31,1.36,0.59,1.2,0.61
50044,14:160,5,6,0,3,80,"hero_50044","herocard_50044",14:360,14:744,14:560,3,1,4,2,1,93,69,90,36,58,79,7,1,1,2,0,0,"50061,50016,50069","5006,3033,5011",3019,5015,2,"21001",2.09,1.01,0.89,0.61,0.23,0.55
50045,14:161,5,6,1,1,80,"hero_50045","herocard_50045",14:361,14:745,14:561,1,2,2,1,1,14,75,32,54,96,73,0,0,0,0,10,0,"","",1032,4022,2,"21001",0.87,1.36,0.94,0.75,2.62,0.99
50046,14:162,5,6,0,4,80,"hero_50046","herocard_50046",14:362,14:746,14:562,4,1,4,1,2,83,75,84,72,46,77,3,0,5,2,0,0,"50067,50007,50024","2033,2044,4002,2037",6004,6004,4,"21002",1.88,1.62,1.62,1.46,0.56,1.26
50047,14:163,5,6,0,1,80,"hero_50047","herocard_50047",14:363,14:747,14:563,3,4,1,3,2,90,78,91,61,48,71,8,0,1,1,0,0,"50033,50012,50037","4005,2035,2049,2031,2054",3020,3030,6,"21003",2.09,1.28,1.47,0.73,0.3,0.34
50048,14:164,5,6,0,1,80,"hero_50048","herocard_50048",14:364,14:748,14:564,3,4,2,4,1,96,36,74,70,20,59,9,0,1,0,0,0,"50069,50019,50011","2035,2049,2037,2032,2033",3021,2102,6,"21003",2.65,0.37,1.51,1.09,0.1,0.54
50049,14:165,5,6,0,4,80,"hero_50049","herocard_50049",14:365,14:749,14:565,4,4,1,2,1,86,1,79,26,3,21,3,0,6,1,0,0,"50042,50031,50071","4002,7002,2052,3005,3006",6007,6007,7,"21004",1.82,0.01,2.32,0.38,0.12,0.42
50050,14:166,5,6,0,4,80,"hero_50050","herocard_50050",14:366,14:750,14:566,4,3,3,3,1,85,29,74,63,24,74,8,0,1,1,0,0,"50067,50066,50007","4002,6001,2037",4015,3033,7,"21004",2.31,0.76,1.04,0.68,0.27,0.77
50051,14:167,5,6,1,1,80,"hero_50051","herocard_50051",14:367,14:751,14:567,2,2,1,1,2,22,81,33,35,70,80,0,0,0,0,0,10,"","",1035,4023,7,"21004",0.72,1.78,1.01,0.99,1.67,2.3
50052,14:168,5,6,0,1,80,"hero_50052","herocard_50052",14:368,14:752,14:568,3,2,4,2,2,94,75,89,35,44,70,8,0,1,1,0,0,"50064,50012,50025","2044,2034,2031,2054,2033",2083,4027,8,"21005",2.31,0.83,1.05,0.57,0.27,0.5
50053,14:169,5,6,1,1,80,"hero_50053","herocard_50053",14:369,14:753,14:569,1,1,2,1,1,4,72,35,41,66,94,0,0,0,0,0,10,"","",1036,3034,8,"21005",0.31,1.07,0.87,0.46,1.22,2.66
50054,14:170,5,6,0,1,80,"hero_50054","herocard_50054",14:370,14:754,14:570,3,4,2,4,3,89,73,89,31,57,71,8,0,1,1,0,0,"50038,50025,50048","2054,2033,2037,2029,5006",6008,6008,8,"21005",2.07,0.94,1.42,0.6,0.3,0.6
50055,14:171,5,6,0,1,80,"hero_50055","herocard_50055",14:371,14:755,14:571,3,2,4,3,3,51,91,82,75,79,66,0,8,1,1,0,0,"50065,50032,50003","6004,2042",2084,3029,9,"21006",0.84,2.01,1.88,1.26,0.64,0.75
50056,14:172,5,6,0,4,80,"hero_50056","herocard_50056",14:372,14:756,14:572,4,2,3,2,1,88,37,79,52,18,34,9,0,0,1,0,0,"50012,50047,50033","2037,2033,2032,2054,2035",2085,3032,9,"21006",2.38,0.96,0.67,0.76,0.18,0.59
50057,14:173,5,6,0,4,80,"hero_50057","herocard_50057",14:373,"",14:573,3,3,3,3,1,50,50,50,50,1,1,4,0,3,3,0,0,"","",3001,0,-1,"",0.47,0.47,0.47,0.47,0.47,0.47
50058,14:174,5,6,0,4,80,"hero_50058","herocard_50058",14:374,"",14:574,3,3,3,3,1,50,50,50,50,1,1,4,0,3,3,0,0,"","",3002,0,-1,"",0.47,0.47,0.47,0.47,0.47,0.47
50059,14:175,5,6,0,4,80,"hero_50059","herocard_50059",14:375,"",14:575,3,3,3,3,1,50,50,50,50,1,1,4,0,3,3,0,0,"","",3003,0,-1,"",0.47,0.47,0.47,0.47,0.47,0.47
50060,14:176,5,6,0,4,80,"hero_50060","herocard_50060",14:376,"",14:576,3,3,3,3,1,50,50,50,50,1,1,4,0,3,3,0,0,"","",3001,0,-1,"",0.47,0.47,0.47,0.47,0.47,0.47
50061,14:177,5,7,0,4,80,"hero_50061","herocard_50061",14:377,14:757,14:577,4,2,4,3,1,100,26,97,74,13,40,8,0,1,1,0,0,"50044,50037,50048","5013,5014,5007,5012",2076,5013,0,"",3.04,0.27,1.4,1.41,0.08,0.58
50062,14:178,5,7,0,4,80,"hero_50062","herocard_50062",14:378,14:758,14:578,3,4,4,2,1,87,73,85,62,59,37,7,0,2,1,0,0,"50071,50042,50048","2034,3032,3005,4005,3006",3018,5014,0,"21001",1.85,1.35,2.07,1.04,0.31,0.13
50063,14:179,5,7,1,3,80,"hero_50063","herocard_50063",14:379,14:759,14:579,1,1,1,2,1,3,84,33,50,97,80,0,0,0,0,10,0,"","",1031,2101,0,"",0.31,1.25,0.74,0.65,2.68,0.87
50064,14:180,5,7,0,2,80,"hero_50064","herocard_50064",14:380,14:760,14:580,4,3,1,4,1,97,79,97,74,62,93,8,0,1,2,0,0,"50035,50036,50069","3008,2099,2102,2093,5016",2077,2099,0,"21006",2.68,1.05,2.04,1.3,0.5,0.3
50065,14:181,5,7,0,2,80,"hero_50065","herocard_50065",14:381,14:761,14:581,1,2,4,4,4,38,100,98,37,95,92,0,9,0,1,0,0,"50055,50003,50043","2087,2090,7001,2046,2100",4010,4024,0,"",0.41,3,2.36,0.55,2.61,1.8
50066,14:182,5,7,0,2,80,"hero_50066","herocard_50066",14:382,14:762,14:582,4,4,3,3,1,77,78,81,41,80,99,0,9,0,1,0,0,"50010,50001,50004","4021,7001,6002,4027,6003",4011,4025,0,"",1.36,1.67,1.98,1.05,1.31,2.7
50067,14:183,5,7,0,1,80,"hero_50067","herocard_50067",14:383,14:763,14:583,4,4,3,3,2,72,91,99,64,94,96,0,8,1,1,0,0,"50066,50007,50024","2091,4027,6007,6002,2053",4012,4026,0,"",1.33,1.94,2.7,1.18,1.7,1.6
50068,14:184,5,7,0,4,80,"hero_50068","herocard_50068",14:384,14:764,14:584,1,2,1,1,1,6,66,12,39,88,65,0,9,0,1,0,0,"50023,50041,50030","3031,4028,2027,2057,2046",4014,2090,4,"21002",0.21,2.61,1.84,0.34,1.25,0.5
50069,14:185,5,7,0,2,80,"hero_50069","herocard_50069",14:385,14:765,14:585,4,2,2,4,2,97,44,93,78,26,82,8,0,1,1,0,0,"50048,50061,50019","2054,2101,2098,5007",3022,2102,6,"21003",2.65,0.76,1.25,1.17,0.3,0.6
50070,14:186,5,7,0,3,80,"hero_50070","herocard_50070",14:386,14:766,14:586,1,2,4,3,3,69,95,94,39,87,90,0,9,0,1,0,0,"50023,50041,50068","2094,2103,2051,2038",2082,2103,7,"21004",0.42,2.6,1.88,0.72,1.27,0.9
50071,14:187,5,7,0,1,80,"hero_50071","herocard_50071",14:387,14:767,14:587,2,4,1,3,1,95,35,72,72,29,58,5,0,5,0,0,0,"50039,50017,50042","3034,3005,7002",4017,5015,8,"21005",2.62,0.19,1.36,1.25,0.1,0.12
50072,14:188,5,7,0,4,80,"hero_50072","herocard_50072",14:388,14:768,14:588,4,4,2,3,1,87,42,87,52,45,80,7,0,1,2,0,0,"50039,50017,50071","2054,2037,2049,2033,3007",3023,2101,9,"21006",2.02,0.6,1.91,0.85,0.51,1.05
50073,14:189,5,4,0,2,80,"hero_50017","herocard_50017",14:389,14:769,14:589,3,2,2,4,1,61,37,20,67,50,50,6,0,1,3,0,0,"","2054,3007,4002,2098,2101",3027,5016,-1,"",1.23,1.03,0.84,1.36,0.39,0.47
50074,14:190,5,4,0,4,80,"hero_50017","herocard_50017",14:390,14:770,14:590,3,2,4,3,3,55,89,84,53,83,68,0,7,1,2,0,0,"50056,50029,50028","6006,2048,4002,4027",4019,2104,-1,"",0.42,1.9,1.36,0.62,0.87,0.93
50075,14:191,5,6,0,2,80,"hero_50017","herocard_50017",14:391,14:771,14:591,4,1,2,3,1,77,55,85,53,46,47,8,0,0,2,0,0,"50078,50035,50069","2054,3009,2098,5006,3007",3026,4029,-1,"",2.09,1.01,1.43,0.79,0.32,0.26
50076,14:192,5,7,0,1,80,"hero_50017","herocard_50017",14:392,14:772,14:592,3,4,3,4,3,63,98,98,36,93,87,0,6,1,3,0,0,"50055,50065,50030","4028,3031,2055,2100,2087",4018,4028,-1,"",0.42,2.67,1.66,0.72,1.75,1.4
50077,14:193,5,7,1,3,80,"hero_50017","herocard_50017",14:393,14:773,14:593,1,1,2,1,3,22,86,24,32,95,82,0,0,0,0,10,0,"","",1038,4029,-1,"",0.32,1.33,0.61,0.61,2.67,0.84
50078,14:194,5,7,0,3,80,"hero_50017","herocard_50017",14:394,14:774,14:594,2,2,4,3,1,86,70,76,73,63,86,7,0,0,3,0,0,"50075,50069,50079","2054,2030,2101,5007",4020,2105,-1,"",2.39,1.18,1.26,1.11,0.75,1.36
50079,14:195,5,7,0,1,80,"hero_50017","herocard_50017",14:395,14:775,14:595,4,3,2,3,2,92,78,95,78,58,78,7,0,1,2,0,0,"50044,50061,50078","5012,5008,5007,5014",3028,5016,-1,"",2.1,1.29,1.22,1.49,0.51,0.42
50080,14:196,5,7,0,2,80,"hero_50017","herocard_50017",14:396,14:776,14:596,1,2,4,3,2,34,97,85,34,85,69,0,7,1,2,0,0,"50065,50055,50041","2103,2089,2051,3031",2086,2104,-1,"",0.52,2.61,1.33,0.75,1.16,0.13
20015,14:197,2,6,0,4,80,"hero_20015","herocard_20015",14:397,"",14:597,1,1,1,1,1,43,6,34,20,16,22,3,2,3,2,0,0,"","",3001,0,-1,"",0.17,0.17,0.17,0.17,0.17,0.17
30036,14:198,3,6,0,4,80,"hero_30036","herocard_30036",14:398,"",14:598,1,1,1,1,1,54,19,45,30,13,19,3,2,3,2,0,0,"","",3001,0,-1,"",0.27,0.27,0.27,0.27,0.27,0.27
40067,14:199,4,8,0,4,80,"hero_40067","herocard_40067",14:399,"",14:599,2,2,2,2,1,72,27,62,50,22,54,3,2,3,2,0,0,"","",3025,0,-1,"",0.47,0.47,0.47,0.47,0.47,0.47
50081,14:200,5,8,0,4,80,"hero_50081","herocard_50081",14:400,"",14:600,2,3,2,3,2,72,27,62,50,22,54,3,2,3,2,0,0,"","",3010,0,-1,"",0.47,0.47,0.47,0.47,0.47,0.47
