id,level,details,probability
1001,1,10:903,1
1001,2,10:904,1
1001,3,10:905,1
1001,4,10:906,1
1001,5,10:907,1
1001,6,10:908,1
1001,7,10:909,1
1001,8,10:910,1
1001,9,10:911,1
1001,10,10:912,1
1002,1,10:913,1
1002,2,10:914,1
1002,3,10:915,1
1002,4,10:916,1
1002,5,10:917,1
1002,6,10:918,1
1002,7,10:919,1
1002,8,10:920,1
1002,9,10:921,1
1002,10,10:922,1
1003,1,10:923,1
1003,2,10:924,1
1003,3,10:925,1
1003,4,10:926,1
1003,5,10:927,1
1003,6,10:928,1
1003,7,10:929,1
1003,8,10:930,1
1003,9,10:931,1
1003,10,10:932,1
1004,1,10:933,1
1004,2,10:934,1
1004,3,10:935,1
1004,4,10:936,1
1004,5,10:937,1
1004,6,10:938,1
1004,7,10:939,1
1004,8,10:940,1
1004,9,10:941,1
1004,10,10:942,1
1005,1,10:943,1
1005,2,10:944,1
1005,3,10:945,1
1005,4,10:946,1
1005,5,10:947,1
1005,6,10:948,1
1005,7,10:949,1
1005,8,10:950,1
1005,9,10:951,1
1005,10,10:952,1
1006,1,10:953,1
1006,2,10:954,1
1006,3,10:955,1
1006,4,10:956,1
1006,5,10:957,1
1006,6,10:958,1
1006,7,10:959,1
1006,8,10:960,1
1006,9,10:961,1
1006,10,10:962,1
1007,1,10:963,1
1007,2,10:964,1
1007,3,10:965,1
1007,4,10:966,1
1007,5,10:967,1
1007,6,10:968,1
1007,7,10:969,1
1007,8,10:970,1
1007,9,10:971,1
1007,10,10:972,1
1008,1,10:973,1
1008,2,10:974,1
1008,3,10:975,1
1008,4,10:976,1
1008,5,10:977,1
1008,6,10:978,1
1008,7,10:979,1
1008,8,10:980,1
1008,9,10:981,1
1008,10,10:982,1
1009,1,10:983,1
1009,2,10:984,1
1009,3,10:985,1
1009,4,10:986,1
1009,5,10:987,1
1009,6,10:988,1
1009,7,10:989,1
1009,8,10:990,1
1009,9,10:991,1
1009,10,10:992,1
1010,1,10:993,1
1010,2,10:994,1
1010,3,10:995,1
1010,4,10:996,1
1010,5,10:997,1
1010,6,10:998,1
1010,7,10:999,1
1010,8,10:1000,1
1010,9,10:1001,1
1010,10,10:1002,1
1011,1,10:1003,1
1011,2,10:1004,1
1011,3,10:1005,1
1011,4,10:1006,1
1011,5,10:1007,1
1011,6,10:1008,1
1011,7,10:1009,1
1011,8,10:1010,1
1011,9,10:1011,1
1011,10,10:1012,1
1012,1,10:1013,1
1012,2,10:1014,1
1012,3,10:1015,1
1012,4,10:1016,1
1012,5,10:1017,1
1012,6,10:1018,1
1012,7,10:1019,1
1012,8,10:1020,1
1012,9,10:1021,1
1012,10,10:1022,1
1013,1,10:1023,1
1013,2,10:1024,1
1013,3,10:1025,1
1013,4,10:1026,1
1013,5,10:1027,1
1013,6,10:1028,1
1013,7,10:1029,1
1013,8,10:1030,1
1013,9,10:1031,1
1013,10,10:1032,1
1014,1,10:1033,1
1014,2,10:1034,1
1014,3,10:1035,1
1014,4,10:1036,1
1014,5,10:1037,1
1014,6,10:1038,1
1014,7,10:1039,1
1014,8,10:1040,1
1014,9,10:1041,1
1014,10,10:1042,1
1015,1,10:1043,1
1015,2,10:1044,1
1015,3,10:1045,1
1015,4,10:1046,1
1015,5,10:1047,1
1015,6,10:1048,1
1015,7,10:1049,1
1015,8,10:1050,1
1015,9,10:1051,1
1015,10,10:1052,1
1016,1,10:1053,1
1016,2,10:1054,1
1016,3,10:1055,1
1016,4,10:1056,1
1016,5,10:1057,1
1016,6,10:1058,1
1016,7,10:1059,1
1016,8,10:1060,1
1016,9,10:1061,1
1016,10,10:1062,1
1017,1,10:1063,1
1017,2,10:1064,1
1017,3,10:1065,1
1017,4,10:1066,1
1017,5,10:1067,1
1017,6,10:1068,1
1017,7,10:1069,1
1017,8,10:1070,1
1017,9,10:1071,1
1017,10,10:1072,1
1018,1,10:1073,1
1018,2,10:1074,1
1018,3,10:1075,1
1018,4,10:1076,1
1018,5,10:1077,1
1018,6,10:1078,1
1018,7,10:1079,1
1018,8,10:1080,1
1018,9,10:1081,1
1018,10,10:1082,1
1019,1,10:1083,1
1019,2,10:1084,1
1019,3,10:1085,1
1019,4,10:1086,1
1019,5,10:1087,1
1019,6,10:1088,1
1019,7,10:1089,1
1019,8,10:1090,1
1019,9,10:1091,1
1019,10,10:1092,1
1020,1,10:1093,1
1020,2,10:1094,1
1020,3,10:1095,1
1020,4,10:1096,1
1020,5,10:1097,1
1020,6,10:1098,1
1020,7,10:1099,1
1020,8,10:1100,1
1020,9,10:1101,1
1020,10,10:1102,1
1021,1,10:1103,1
1021,2,10:1104,1
1021,3,10:1105,1
1021,4,10:1106,1
1021,5,10:1107,1
1021,6,10:1108,1
1021,7,10:1109,1
1021,8,10:1110,1
1021,9,10:1111,1
1021,10,10:1112,1
1022,1,10:1113,1
1022,2,10:1114,1
1022,3,10:1115,1
1022,4,10:1116,1
1022,5,10:1117,1
1022,6,10:1118,1
1022,7,10:1119,1
1022,8,10:1120,1
1022,9,10:1121,1
1022,10,10:1122,1
1023,1,10:1123,1
1023,2,10:1124,1
1023,3,10:1125,1
1023,4,10:1126,1
1023,5,10:1127,1
1023,6,10:1128,1
1023,7,10:1129,1
1023,8,10:1130,1
1023,9,10:1131,1
1023,10,10:1132,1
1024,1,10:1133,1
1024,2,10:1134,1
1024,3,10:1135,1
1024,4,10:1136,1
1024,5,10:1137,1
1024,6,10:1138,1
1024,7,10:1139,1
1024,8,10:1140,1
1024,9,10:1141,1
1024,10,10:1142,1
1025,1,10:1143,1
1025,2,10:1144,1
1025,3,10:1145,1
1025,4,10:1146,1
1025,5,10:1147,1
1025,6,10:1148,1
1025,7,10:1149,1
1025,8,10:1150,1
1025,9,10:1151,1
1025,10,10:1152,1
1026,1,10:1153,1
1026,2,10:1154,1
1026,3,10:1155,1
1026,4,10:1156,1
1026,5,10:1157,1
1026,6,10:1158,1
1026,7,10:1159,1
1026,8,10:1160,1
1026,9,10:1161,1
1026,10,10:1162,1
1027,1,10:1163,1
1027,2,10:1164,1
1027,3,10:1165,1
1027,4,10:1166,1
1027,5,10:1167,1
1027,6,10:1168,1
1027,7,10:1169,1
1027,8,10:1170,1
1027,9,10:1171,1
1027,10,10:1172,1
1028,1,10:1173,1
1028,2,10:1174,1
1028,3,10:1175,1
1028,4,10:1176,1
1028,5,10:1177,1
1028,6,10:1178,1
1028,7,10:1179,1
1028,8,10:1180,1
1028,9,10:1181,1
1028,10,10:1182,1
1029,1,10:1183,1
1029,2,10:1184,1
1029,3,10:1185,1
1029,4,10:1186,1
1029,5,10:1187,1
1029,6,10:1188,1
1029,7,10:1189,1
1029,8,10:1190,1
1029,9,10:1191,1
1029,10,10:1192,1
1030,1,10:1193,1
1030,2,10:1194,1
1030,3,10:1195,1
1030,4,10:1196,1
1030,5,10:1197,1
1030,6,10:1198,1
1030,7,10:1199,1
1030,8,10:1200,1
1030,9,10:1201,1
1030,10,10:1202,1
1031,1,10:1203,1
1031,2,10:1204,1
1031,3,10:1205,1
1031,4,10:1206,1
1031,5,10:1207,1
1031,6,10:1208,1
1031,7,10:1209,1
1031,8,10:1210,1
1031,9,10:1211,1
1031,10,10:1212,1
1032,1,10:1213,1
1032,2,10:1214,1
1032,3,10:1215,1
1032,4,10:1216,1
1032,5,10:1217,1
1032,6,10:1218,1
1032,7,10:1219,1
1032,8,10:1220,1
1032,9,10:1221,1
1032,10,10:1222,1
1033,1,10:1223,1
1033,2,10:1224,1
1033,3,10:1225,1
1033,4,10:1226,1
1033,5,10:1227,1
1033,6,10:1228,1
1033,7,10:1229,1
1033,8,10:1230,1
1033,9,10:1231,1
1033,10,10:1232,1
1034,1,10:1233,1
1034,2,10:1234,1
1034,3,10:1235,1
1034,4,10:1236,1
1034,5,10:1237,1
1034,6,10:1238,1
1034,7,10:1239,1
1034,8,10:1240,1
1034,9,10:1241,1
1034,10,10:1242,1
1035,1,10:1243,1
1035,2,10:1244,1
1035,3,10:1245,1
1035,4,10:1246,1
1035,5,10:1247,1
1035,6,10:1248,1
1035,7,10:1249,1
1035,8,10:1250,1
1035,9,10:1251,1
1035,10,10:1252,1
1036,1,10:1253,1
1036,2,10:1254,1
1036,3,10:1255,1
1036,4,10:1256,1
1036,5,10:1257,1
1036,6,10:1258,1
1036,7,10:1259,1
1036,8,10:1260,1
1036,9,10:1261,1
1036,10,10:1262,1
1037,1,10:1263,1
1037,2,10:1264,1
1037,3,10:1265,1
1037,4,10:1266,1
1037,5,10:1267,1
1037,6,10:1268,1
1037,7,10:1269,1
1037,8,10:1270,1
1037,9,10:1271,1
1037,10,10:1272,1
1038,1,10:1273,1
1038,2,10:1274,1
1038,3,10:1275,1
1038,4,10:1276,1
1038,5,10:1277,1
1038,6,10:1278,1
1038,7,10:1279,1
1038,8,10:1280,1
1038,9,10:1281,1
1038,10,10:1282,1
2001,1,10:1283,0.4
2001,2,10:1284,0.4
2001,3,10:1285,0.4
2001,4,10:1286,0.4
2001,5,10:1287,0.4
2001,6,10:1288,0.4
2001,7,10:1289,0.4
2001,8,10:1290,0.4
2001,9,10:1291,0.4
2001,10,10:1292,0.4
2002,1,10:1293,0.4
2002,2,10:1294,0.4
2002,3,10:1295,0.4
2002,4,10:1296,0.4
2002,5,10:1297,0.4
2002,6,10:1298,0.4
2002,7,10:1299,0.4
2002,8,10:1300,0.4
2002,9,10:1301,0.4
2002,10,10:1302,0.4
2003,1,10:1303,0.4
2003,2,10:1304,0.4
2003,3,10:1305,0.4
2003,4,10:1306,0.4
2003,5,10:1307,0.4
2003,6,10:1308,0.4
2003,7,10:1309,0.4
2003,8,10:1310,0.4
2003,9,10:1311,0.4
2003,10,10:1312,0.4
2004,1,10:1313,0.4
2004,2,10:1314,0.4
2004,3,10:1315,0.4
2004,4,10:1316,0.4
2004,5,10:1317,0.4
2004,6,10:1318,0.4
2004,7,10:1319,0.4
2004,8,10:1320,0.4
2004,9,10:1321,0.4
2004,10,10:1322,0.4
2005,1,10:1323,0.4
2005,2,10:1324,0.4
2005,3,10:1325,0.4
2005,4,10:1326,0.4
2005,5,10:1327,0.4
2005,6,10:1328,0.4
2005,7,10:1329,0.4
2005,8,10:1330,0.4
2005,9,10:1331,0.4
2005,10,10:1332,0.4
2006,1,10:1333,0.13
2006,2,10:1334,0.143
2006,3,10:1335,0.156
2006,4,10:1336,0.169
2006,5,10:1337,0.182
2006,6,10:1338,0.195
2006,7,10:1339,0.208
2006,8,10:1340,0.222
2006,9,10:1341,0.236
2006,10,10:1342,0.25
2007,1,10:1343,0.25
2007,2,10:1344,0.25
2007,3,10:1345,0.25
2007,4,10:1346,0.25
2007,5,10:1347,0.25
2007,6,10:1348,0.25
2007,7,10:1349,0.25
2007,8,10:1350,0.25
2007,9,10:1351,0.25
2007,10,10:1352,0.25
2008,1,10:1353,0.35
2008,2,10:1354,0.35
2008,3,10:1355,0.35
2008,4,10:1356,0.35
2008,5,10:1357,0.35
2008,6,10:1358,0.35
2008,7,10:1359,0.35
2008,8,10:1360,0.35
2008,9,10:1361,0.35
2008,10,10:1362,0.35
2009,1,10:1363,0.35
2009,2,10:1364,0.35
2009,3,10:1365,0.35
2009,4,10:1366,0.35
2009,5,10:1367,0.35
2009,6,10:1368,0.35
2009,7,10:1369,0.35
2009,8,10:1370,0.35
2009,9,10:1371,0.35
2009,10,10:1372,0.35
2010,1,10:1373,0.4
2010,2,10:1374,0.4
2010,3,10:1375,0.4
2010,4,10:1376,0.4
2010,5,10:1377,0.4
2010,6,10:1378,0.4
2010,7,10:1379,0.4
2010,8,10:1380,0.4
2010,9,10:1381,0.4
2010,10,10:1382,0.4
2011,1,10:1383,0.25
2011,2,10:1384,0.25
2011,3,10:1385,0.25
2011,4,10:1386,0.25
2011,5,10:1387,0.25
2011,6,10:1388,0.25
2011,7,10:1389,0.25
2011,8,10:1390,0.25
2011,9,10:1391,0.25
2011,10,10:1392,0.25
2012,1,10:1393,0.3
2012,2,10:1394,0.3
2012,3,10:1395,0.3
2012,4,10:1396,0.3
2012,5,10:1397,0.3
2012,6,10:1398,0.3
2012,7,10:1399,0.3
2012,8,10:1400,0.3
2012,9,10:1401,0.3
2012,10,10:1402,0.3
2013,1,10:1403,0.4
2013,2,10:1404,0.4
2013,3,10:1405,0.4
2013,4,10:1406,0.4
2013,5,10:1407,0.4
2013,6,10:1408,0.4
2013,7,10:1409,0.4
2013,8,10:1410,0.4
2013,9,10:1411,0.4
2013,10,10:1412,0.4
2014,1,10:1413,0.35
2014,2,10:1414,0.35
2014,3,10:1415,0.35
2014,4,10:1416,0.35
2014,5,10:1417,0.35
2014,6,10:1418,0.35
2014,7,10:1419,0.35
2014,8,10:1420,0.35
2014,9,10:1421,0.35
2014,10,10:1422,0.35
2015,1,10:1423,0.23
2015,2,10:1424,0.254
2015,3,10:1425,0.278
2015,4,10:1426,0.302
2015,5,10:1427,0.326
2015,6,10:1428,0.35
2015,7,10:1429,0.375
2015,8,10:1430,0.4
2015,9,10:1431,0.425
2015,10,10:1432,0.45
2016,1,10:1433,0.5
2016,2,10:1434,0.5
2016,3,10:1435,0.5
2016,4,10:1436,0.5
2016,5,10:1437,0.5
2016,6,10:1438,0.5
2016,7,10:1439,0.5
2016,8,10:1440,0.5
2016,9,10:1441,0.5
2016,10,10:1442,0.5
2017,1,10:1443,0.25
2017,2,10:1444,0.25
2017,3,10:1445,0.25
2017,4,10:1446,0.25
2017,5,10:1447,0.25
2017,6,10:1448,0.25
2017,7,10:1449,0.25
2017,8,10:1450,0.25
2017,9,10:1451,0.25
2017,10,10:1452,0.25
2018,1,10:1453,0.25
2018,2,10:1454,0.25
2018,3,10:1455,0.25
2018,4,10:1456,0.25
2018,5,10:1457,0.25
2018,6,10:1458,0.25
2018,7,10:1459,0.25
2018,8,10:1460,0.25
2018,9,10:1461,0.25
2018,10,10:1462,0.25
2019,1,10:1463,0.35
2019,2,10:1464,0.35
2019,3,10:1465,0.35
2019,4,10:1466,0.35
2019,5,10:1467,0.35
2019,6,10:1468,0.35
2019,7,10:1469,0.35
2019,8,10:1470,0.35
2019,9,10:1471,0.35
2019,10,10:1472,0.35
2020,1,10:1473,0.4
2020,2,10:1474,0.4
2020,3,10:1475,0.4
2020,4,10:1476,0.4
2020,5,10:1477,0.4
2020,6,10:1478,0.4
2020,7,10:1479,0.4
2020,8,10:1480,0.4
2020,9,10:1481,0.4
2020,10,10:1482,0.4
2021,1,10:1483,0.3
2021,2,10:1484,0.333
2021,3,10:1485,0.366
2021,4,10:1486,0.399
2021,5,10:1487,0.432
2021,6,10:1488,0.465
2021,7,10:1489,0.498
2021,8,10:1490,0.532
2021,9,10:1491,0.566
2021,10,10:1492,0.6
2022,1,10:1493,0.25
2022,2,10:1494,0.277
2022,3,10:1495,0.304
2022,4,10:1496,0.332
2022,5,10:1497,0.36
2022,6,10:1498,0.388
2022,7,10:1499,0.416
2022,8,10:1500,0.444
2022,9,10:1501,0.472
2022,10,10:1502,0.5
2023,1,10:1503,0.25
2023,2,10:1504,0.277
2023,3,10:1505,0.304
2023,4,10:1506,0.332
2023,5,10:1507,0.36
2023,6,10:1508,0.388
2023,7,10:1509,0.416
2023,8,10:1510,0.444
2023,9,10:1511,0.472
2023,10,10:1512,0.5
2024,1,10:1513,0.75
2024,2,10:1514,0.75
2024,3,10:1515,0.75
2024,4,10:1516,0.75
2024,5,10:1517,0.75
2024,6,10:1518,0.75
2024,7,10:1519,0.75
2024,8,10:1520,0.75
2024,9,10:1521,0.75
2024,10,10:1522,0.75
2025,1,10:1523,0.3
2025,2,10:1524,0.327
2025,3,10:1525,0.354
2025,4,10:1526,0.382
2025,5,10:1527,0.41
2025,6,10:1528,0.438
2025,7,10:1529,0.466
2025,8,10:1530,0.494
2025,9,10:1531,0.522
2025,10,10:1532,0.55
2026,1,10:1533,0.45
2026,2,10:1534,0.45
2026,3,10:1535,0.45
2026,4,10:1536,0.45
2026,5,10:1537,0.45
2026,6,10:1538,0.45
2026,7,10:1539,0.45
2026,8,10:1540,0.45
2026,9,10:1541,0.45
2026,10,10:1542,0.45
2027,1,10:1543,0.4
2027,2,10:1544,0.4
2027,3,10:1545,0.4
2027,4,10:1546,0.4
2027,5,10:1547,0.4
2027,6,10:1548,0.4
2027,7,10:1549,0.4
2027,8,10:1550,0.4
2027,9,10:1551,0.4
2027,10,10:1552,0.4
2028,1,10:1553,0.45
2028,2,10:1554,0.45
2028,3,10:1555,0.45
2028,4,10:1556,0.45
2028,5,10:1557,0.45
2028,6,10:1558,0.45
2028,7,10:1559,0.45
2028,8,10:1560,0.45
2028,9,10:1561,0.45
2028,10,10:1562,0.45
2029,1,10:1563,0.4
2029,2,10:1564,0.4
2029,3,10:1565,0.4
2029,4,10:1566,0.4
2029,5,10:1567,0.4
2029,6,10:1568,0.4
2029,7,10:1569,0.4
2029,8,10:1570,0.4
2029,9,10:1571,0.4
2029,10,10:1572,0.4
2030,1,10:1573,0.35
2030,2,10:1574,0.35
2030,3,10:1575,0.35
2030,4,10:1576,0.35
2030,5,10:1577,0.35
2030,6,10:1578,0.35
2030,7,10:1579,0.35
2030,8,10:1580,0.35
2030,9,10:1581,0.35
2030,10,10:1582,0.35
2031,1,10:1583,0.5
2031,2,10:1584,0.5
2031,3,10:1585,0.5
2031,4,10:1586,0.5
2031,5,10:1587,0.5
2031,6,10:1588,0.5
2031,7,10:1589,0.5
2031,8,10:1590,0.5
2031,9,10:1591,0.5
2031,10,10:1592,0.5
2032,1,10:1593,0.35
2032,2,10:1594,0.35
2032,3,10:1595,0.35
2032,4,10:1596,0.35
2032,5,10:1597,0.35
2032,6,10:1598,0.35
2032,7,10:1599,0.35
2032,8,10:1600,0.35
2032,9,10:1601,0.35
2032,10,10:1602,0.35
2033,1,10:1603,0.35
2033,2,10:1604,0.35
2033,3,10:1605,0.35
2033,4,10:1606,0.35
2033,5,10:1607,0.35
2033,6,10:1608,0.35
2033,7,10:1609,0.35
2033,8,10:1610,0.35
2033,9,10:1611,0.35
2033,10,10:1612,0.35
2034,1,10:1613,0.5
2034,2,10:1614,0.5
2034,3,10:1615,0.5
2034,4,10:1616,0.5
2034,5,10:1617,0.5
2034,6,10:1618,0.5
2034,7,10:1619,0.5
2034,8,10:1620,0.5
2034,9,10:1621,0.5
2034,10,10:1622,0.5
2035,1,10:1623,0.4
2035,2,10:1624,0.4
2035,3,10:1625,0.4
2035,4,10:1626,0.4
2035,5,10:1627,0.4
2035,6,10:1628,0.4
2035,7,10:1629,0.4
2035,8,10:1630,0.4
2035,9,10:1631,0.4
2035,10,10:1632,0.4
2036,1,10:1633,0.4
2036,2,10:1634,0.4
2036,3,10:1635,0.4
2036,4,10:1636,0.4
2036,5,10:1637,0.4
2036,6,10:1638,0.4
2036,7,10:1639,0.4
2036,8,10:1640,0.4
2036,9,10:1641,0.4
2036,10,10:1642,0.4
2037,1,10:1643,0.4
2037,2,10:1644,0.4
2037,3,10:1645,0.4
2037,4,10:1646,0.4
2037,5,10:1647,0.4
2037,6,10:1648,0.4
2037,7,10:1649,0.4
2037,8,10:1650,0.4
2037,9,10:1651,0.4
2037,10,10:1652,0.4
2038,1,10:1653,0.5
2038,2,10:1654,0.5
2038,3,10:1655,0.5
2038,4,10:1656,0.5
2038,5,10:1657,0.5
2038,6,10:1658,0.5
2038,7,10:1659,0.5
2038,8,10:1660,0.5
2038,9,10:1661,0.5
2038,10,10:1662,0.5
2039,1,10:1663,0.4
2039,2,10:1664,0.4
2039,3,10:1665,0.4
2039,4,10:1666,0.4
2039,5,10:1667,0.4
2039,6,10:1668,0.4
2039,7,10:1669,0.4
2039,8,10:1670,0.4
2039,9,10:1671,0.4
2039,10,10:1672,0.4
2040,1,10:1673,0.35
2040,2,10:1674,0.35
2040,3,10:1675,0.35
2040,4,10:1676,0.35
2040,5,10:1677,0.35
2040,6,10:1678,0.35
2040,7,10:1679,0.35
2040,8,10:1680,0.35
2040,9,10:1681,0.35
2040,10,10:1682,0.35
2041,1,10:1683,0.35
2041,2,10:1684,0.35
2041,3,10:1685,0.35
2041,4,10:1686,0.35
2041,5,10:1687,0.35
2041,6,10:1688,0.35
2041,7,10:1689,0.35
2041,8,10:1690,0.35
2041,9,10:1691,0.35
2041,10,10:1692,0.35
2042,1,10:1693,0.25
2042,2,10:1694,0.261
2042,3,10:1695,0.272
2042,4,10:1696,0.283
2042,5,10:1697,0.294
2042,6,10:1698,0.305
2042,7,10:1699,0.316
2042,8,10:1700,0.327
2042,9,10:1701,0.338
2042,10,10:1702,0.35
2043,1,10:1703,0.35
2043,2,10:1704,0.35
2043,3,10:1705,0.35
2043,4,10:1706,0.35
2043,5,10:1707,0.35
2043,6,10:1708,0.35
2043,7,10:1709,0.35
2043,8,10:1710,0.35
2043,9,10:1711,0.35
2043,10,10:1712,0.35
2044,1,10:1713,0.35
2044,2,10:1714,0.35
2044,3,10:1715,0.35
2044,4,10:1716,0.35
2044,5,10:1717,0.35
2044,6,10:1718,0.35
2044,7,10:1719,0.35
2044,8,10:1720,0.35
2044,9,10:1721,0.35
2044,10,10:1722,0.35
2045,1,10:1723,0.35
2045,2,10:1724,0.35
2045,3,10:1725,0.35
2045,4,10:1726,0.35
2045,5,10:1727,0.35
2045,6,10:1728,0.35
2045,7,10:1729,0.35
2045,8,10:1730,0.35
2045,9,10:1731,0.35
2045,10,10:1732,0.35
2046,1,10:1733,0.35
2046,2,10:1734,0.35
2046,3,10:1735,0.35
2046,4,10:1736,0.35
2046,5,10:1737,0.35
2046,6,10:1738,0.35
2046,7,10:1739,0.35
2046,8,10:1740,0.35
2046,9,10:1741,0.35
2046,10,10:1742,0.35
2047,1,10:1743,0.35
2047,2,10:1744,0.35
2047,3,10:1745,0.35
2047,4,10:1746,0.35
2047,5,10:1747,0.35
2047,6,10:1748,0.35
2047,7,10:1749,0.35
2047,8,10:1750,0.35
2047,9,10:1751,0.35
2047,10,10:1752,0.35
2048,1,10:1753,0.45
2048,2,10:1754,0.45
2048,3,10:1755,0.45
2048,4,10:1756,0.45
2048,5,10:1757,0.45
2048,6,10:1758,0.45
2048,7,10:1759,0.45
2048,8,10:1760,0.45
2048,9,10:1761,0.45
2048,10,10:1762,0.45
2049,1,10:1763,0.45
2049,2,10:1764,0.45
2049,3,10:1765,0.45
2049,4,10:1766,0.45
2049,5,10:1767,0.45
2049,6,10:1768,0.45
2049,7,10:1769,0.45
2049,8,10:1770,0.45
2049,9,10:1771,0.45
2049,10,10:1772,0.45
2050,1,10:1773,0.25
2050,2,10:1774,0.272
2050,3,10:1775,0.294
2050,4,10:1776,0.316
2050,5,10:1777,0.338
2050,6,10:1778,0.36
2050,7,10:1779,0.382
2050,8,10:1780,0.404
2050,9,10:1781,0.427
2050,10,10:1782,0.45
2051,1,10:1783,0.45
2051,2,10:1784,0.45
2051,3,10:1785,0.45
2051,4,10:1786,0.45
2051,5,10:1787,0.45
2051,6,10:1788,0.45
2051,7,10:1789,0.45
2051,8,10:1790,0.45
2051,9,10:1791,0.45
2051,10,10:1792,0.45
2052,1,10:1793,0.4
2052,2,10:1794,0.4
2052,3,10:1795,0.4
2052,4,10:1796,0.4
2052,5,10:1797,0.4
2052,6,10:1798,0.4
2052,7,10:1799,0.4
2052,8,10:1800,0.4
2052,9,10:1801,0.4
2052,10,10:1802,0.4
2053,1,10:1803,0.5
2053,2,10:1804,0.5
2053,3,10:1805,0.5
2053,4,10:1806,0.5
2053,5,10:1807,0.5
2053,6,10:1808,0.5
2053,7,10:1809,0.5
2053,8,10:1810,0.5
2053,9,10:1811,0.5
2053,10,10:1812,0.5
2054,1,10:1813,0.25
2054,2,10:1814,0.272
2054,3,10:1815,0.294
2054,4,10:1816,0.316
2054,5,10:1817,0.338
2054,6,10:1818,0.36
2054,7,10:1819,0.382
2054,8,10:1820,0.404
2054,9,10:1821,0.427
2054,10,10:1822,0.45
2055,1,10:1823,0.45
2055,2,10:1824,0.45
2055,3,10:1825,0.45
2055,4,10:1826,0.45
2055,5,10:1827,0.45
2055,6,10:1828,0.45
2055,7,10:1829,0.45
2055,8,10:1830,0.45
2055,9,10:1831,0.45
2055,10,10:1832,0.45
2056,1,10:1833,0.3
2056,2,10:1834,0.316
2056,3,10:1835,0.332
2056,4,10:1836,0.348
2056,5,10:1837,0.365
2056,6,10:1838,0.382
2056,7,10:1839,0.399
2056,8,10:1840,0.416
2056,9,10:1841,0.433
2056,10,10:1842,0.45
2057,1,10:1843,0.45
2057,2,10:1844,0.45
2057,3,10:1845,0.45
2057,4,10:1846,0.45
2057,5,10:1847,0.45
2057,6,10:1848,0.45
2057,7,10:1849,0.45
2057,8,10:1850,0.45
2057,9,10:1851,0.45
2057,10,10:1852,0.45
2058,1,10:1853,0.4
2058,2,10:1854,0.4
2058,3,10:1855,0.4
2058,4,10:1856,0.4
2058,5,10:1857,0.4
2058,6,10:1858,0.4
2058,7,10:1859,0.4
2058,8,10:1860,0.4
2058,9,10:1861,0.4
2058,10,10:1862,0.4
2059,1,10:1863,0.4
2059,2,10:1864,0.4
2059,3,10:1865,0.4
2059,4,10:1866,0.4
2059,5,10:1867,0.4
2059,6,10:1868,0.4
2059,7,10:1869,0.4
2059,8,10:1870,0.4
2059,9,10:1871,0.4
2059,10,10:1872,0.4
2060,1,10:1873,0.2
2060,2,10:1874,0.216
2060,3,10:1875,0.232
2060,4,10:1876,0.248
2060,5,10:1877,0.265
2060,6,10:1878,0.282
2060,7,10:1879,0.299
2060,8,10:1880,0.316
2060,9,10:1881,0.333
2060,10,10:1882,0.35
2061,1,10:1883,0.3
2061,2,10:1884,0.316
2061,3,10:1885,0.332
2061,4,10:1886,0.348
2061,5,10:1887,0.365
2061,6,10:1888,0.382
2061,7,10:1889,0.399
2061,8,10:1890,0.416
2061,9,10:1891,0.433
2061,10,10:1892,0.45
2062,1,10:1893,0.5
2062,2,10:1894,0.5
2062,3,10:1895,0.5
2062,4,10:1896,0.5
2062,5,10:1897,0.5
2062,6,10:1898,0.5
2062,7,10:1899,0.5
2062,8,10:1900,0.5
2062,9,10:1901,0.5
2062,10,10:1902,0.5
2063,1,10:1903,0.4
2063,2,10:1904,0.438
2063,3,10:1905,0.477
2063,4,10:1906,0.516
2063,5,10:1907,0.555
2063,6,10:1908,0.594
2063,7,10:1909,0.633
2063,8,10:1910,0.672
2063,9,10:1911,0.711
2063,10,10:1912,0.75
2064,1,10:1913,0.35
2064,2,10:1914,0.35
2064,3,10:1915,0.35
2064,4,10:1916,0.35
2064,5,10:1917,0.35
2064,6,10:1918,0.35
2064,7,10:1919,0.35
2064,8,10:1920,0.35
2064,9,10:1921,0.35
2064,10,10:1922,0.35
2065,1,10:1923,0.35
2065,2,10:1924,0.35
2065,3,10:1925,0.35
2065,4,10:1926,0.35
2065,5,10:1927,0.35
2065,6,10:1928,0.35
2065,7,10:1929,0.35
2065,8,10:1930,0.35
2065,9,10:1931,0.35
2065,10,10:1932,0.35
2066,1,10:1933,0.55
2066,2,10:1934,0.55
2066,3,10:1935,0.55
2066,4,10:1936,0.55
2066,5,10:1937,0.55
2066,6,10:1938,0.55
2066,7,10:1939,0.55
2066,8,10:1940,0.55
2066,9,10:1941,0.55
2066,10,10:1942,0.55
2067,1,10:1943,0.4
2067,2,10:1944,0.4
2067,3,10:1945,0.4
2067,4,10:1946,0.4
2067,5,10:1947,0.4
2067,6,10:1948,0.4
2067,7,10:1949,0.4
2067,8,10:1950,0.4
2067,9,10:1951,0.4
2067,10,10:1952,0.4
2068,1,10:1953,0.25
2068,2,10:1954,0.277
2068,3,10:1955,0.304
2068,4,10:1956,0.332
2068,5,10:1957,0.36
2068,6,10:1958,0.388
2068,7,10:1959,0.416
2068,8,10:1960,0.444
2068,9,10:1961,0.472
2068,10,10:1962,0.5
2069,1,10:1963,0.35
2069,2,10:1964,0.35
2069,3,10:1965,0.35
2069,4,10:1966,0.35
2069,5,10:1967,0.35
2069,6,10:1968,0.35
2069,7,10:1969,0.35
2069,8,10:1970,0.35
2069,9,10:1971,0.35
2069,10,10:1972,0.35
2070,1,10:1973,0.45
2070,2,10:1974,0.45
2070,3,10:1975,0.45
2070,4,10:1976,0.45
2070,5,10:1977,0.45
2070,6,10:1978,0.45
2070,7,10:1979,0.45
2070,8,10:1980,0.45
2070,9,10:1981,0.45
2070,10,10:1982,0.45
2071,1,10:1983,0.5
2071,2,10:1984,0.5
2071,3,10:1985,0.5
2071,4,10:1986,0.5
2071,5,10:1987,0.5
2071,6,10:1988,0.5
2071,7,10:1989,0.5
2071,8,10:1990,0.5
2071,9,10:1991,0.5
2071,10,10:1992,0.5
2072,1,10:1993,0.5
2072,2,10:1994,0.5
2072,3,10:1995,0.5
2072,4,10:1996,0.5
2072,5,10:1997,0.5
2072,6,10:1998,0.5
2072,7,10:1999,0.5
2072,8,10:2000,0.5
2072,9,10:2001,0.5
2072,10,10:2002,0.5
2073,1,10:2003,0.35
2073,2,10:2004,0.35
2073,3,10:2005,0.35
2073,4,10:2006,0.35
2073,5,10:2007,0.35
2073,6,10:2008,0.35
2073,7,10:2009,0.35
2073,8,10:2010,0.35
2073,9,10:2011,0.35
2073,10,10:2012,0.35
2074,1,10:2013,0.35
2074,2,10:2014,0.35
2074,3,10:2015,0.35
2074,4,10:2016,0.35
2074,5,10:2017,0.35
2074,6,10:2018,0.35
2074,7,10:2019,0.35
2074,8,10:2020,0.35
2074,9,10:2021,0.35
2074,10,10:2022,0.35
2075,1,10:2023,0.35
2075,2,10:2024,0.361
2075,3,10:2025,0.372
2075,4,10:2026,0.383
2075,5,10:2027,0.394
2075,6,10:2028,0.405
2075,7,10:2029,0.416
2075,8,10:2030,0.427
2075,9,10:2031,0.438
2075,10,10:2032,0.45
2076,1,10:2033,0.25
2076,2,10:2034,0.261
2076,3,10:2035,0.272
2076,4,10:2036,0.283
2076,5,10:2037,0.294
2076,6,10:2038,0.305
2076,7,10:2039,0.316
2076,8,10:2040,0.327
2076,9,10:2041,0.338
2076,10,10:2042,0.35
2077,1,10:2043,0.35
2077,2,10:2044,0.35
2077,3,10:2045,0.35
2077,4,10:2046,0.35
2077,5,10:2047,0.35
2077,6,10:2048,0.35
2077,7,10:2049,0.35
2077,8,10:2050,0.35
2077,9,10:2051,0.35
2077,10,10:2052,0.35
2078,1,10:2053,0.7
2078,2,10:2054,0.7
2078,3,10:2055,0.7
2078,4,10:2056,0.7
2078,5,10:2057,0.7
2078,6,10:2058,0.7
2078,7,10:2059,0.7
2078,8,10:2060,0.7
2078,9,10:2061,0.7
2078,10,10:2062,0.7
2079,1,10:2063,0.35
2079,2,10:2064,0.35
2079,3,10:2065,0.35
2079,4,10:2066,0.35
2079,5,10:2067,0.35
2079,6,10:2068,0.35
2079,7,10:2069,0.35
2079,8,10:2070,0.35
2079,9,10:2071,0.35
2079,10,10:2072,0.35
2080,1,10:2073,0.35
2080,2,10:2074,0.366
2080,3,10:2075,0.382
2080,4,10:2076,0.398
2080,5,10:2077,0.415
2080,6,10:2078,0.432
2080,7,10:2079,0.449
2080,8,10:2080,0.466
2080,9,10:2081,0.483
2080,10,10:2082,0.5
2081,1,10:2083,0.6
2081,2,10:2084,0.6
2081,3,10:2085,0.6
2081,4,10:2086,0.6
2081,5,10:2087,0.6
2081,6,10:2088,0.6
2081,7,10:2089,0.6
2081,8,10:2090,0.6
2081,9,10:2091,0.6
2081,10,10:2092,0.6
2082,1,10:2093,0.5
2082,2,10:2094,0.5
2082,3,10:2095,0.5
2082,4,10:2096,0.5
2082,5,10:2097,0.5
2082,6,10:2098,0.5
2082,7,10:2099,0.5
2082,8,10:2100,0.5
2082,9,10:2101,0.5
2082,10,10:2102,0.5
2083,1,10:2103,0.3
2083,2,10:2104,0.3
2083,3,10:2105,0.3
2083,4,10:2106,0.3
2083,5,10:2107,0.3
2083,6,10:2108,0.3
2083,7,10:2109,0.3
2083,8,10:2110,0.3
2083,9,10:2111,0.3
2083,10,10:2112,0.3
2084,1,10:2113,0.45
2084,2,10:2114,0.45
2084,3,10:2115,0.45
2084,4,10:2116,0.45
2084,5,10:2117,0.45
2084,6,10:2118,0.45
2084,7,10:2119,0.45
2084,8,10:2120,0.45
2084,9,10:2121,0.45
2084,10,10:2122,0.45
2085,1,10:2123,0.35
2085,2,10:2124,0.35
2085,3,10:2125,0.35
2085,4,10:2126,0.35
2085,5,10:2127,0.35
2085,6,10:2128,0.35
2085,7,10:2129,0.35
2085,8,10:2130,0.35
2085,9,10:2131,0.35
2085,10,10:2132,0.35
2086,1,10:2133,0.35
2086,2,10:2134,0.35
2086,3,10:2135,0.35
2086,4,10:2136,0.35
2086,5,10:2137,0.35
2086,6,10:2138,0.35
2086,7,10:2139,0.35
2086,8,10:2140,0.35
2086,9,10:2141,0.35
2086,10,10:2142,0.35
2087,1,10:2143,0.55
2087,2,10:2144,0.55
2087,3,10:2145,0.55
2087,4,10:2146,0.55
2087,5,10:2147,0.55
2087,6,10:2148,0.55
2087,7,10:2149,0.55
2087,8,10:2150,0.55
2087,9,10:2151,0.55
2087,10,10:2152,0.55
2088,1,10:2153,0.25
2088,2,10:2154,0.266
2088,3,10:2155,0.282
2088,4,10:2156,0.298
2088,5,10:2157,0.315
2088,6,10:2158,0.332
2088,7,10:2159,0.349
2088,8,10:2160,0.366
2088,9,10:2161,0.383
2088,10,10:2162,0.4
2089,1,10:2163,0.4
2089,2,10:2164,0.4
2089,3,10:2165,0.4
2089,4,10:2166,0.4
2089,5,10:2167,0.4
2089,6,10:2168,0.4
2089,7,10:2169,0.4
2089,8,10:2170,0.4
2089,9,10:2171,0.4
2089,10,10:2172,0.4
2090,1,10:2173,0.5
2090,2,10:2174,0.5
2090,3,10:2175,0.5
2090,4,10:2176,0.5
2090,5,10:2177,0.5
2090,6,10:2178,0.5
2090,7,10:2179,0.5
2090,8,10:2180,0.5
2090,9,10:2181,0.5
2090,10,10:2182,0.5
2091,1,10:2183,0.4
2091,2,10:2184,0.4
2091,3,10:2185,0.4
2091,4,10:2186,0.4
2091,5,10:2187,0.4
2091,6,10:2188,0.4
2091,7,10:2189,0.4
2091,8,10:2190,0.4
2091,9,10:2191,0.4
2091,10,10:2192,0.4
2092,1,10:2193,0.4
2092,2,10:2194,0.4
2092,3,10:2195,0.4
2092,4,10:2196,0.4
2092,5,10:2197,0.4
2092,6,10:2198,0.4
2092,7,10:2199,0.4
2092,8,10:2200,0.4
2092,9,10:2201,0.4
2092,10,10:2202,0.4
2093,1,10:2203,0.35
2093,2,10:2204,0.35
2093,3,10:2205,0.35
2093,4,10:2206,0.35
2093,5,10:2207,0.35
2093,6,10:2208,0.35
2093,7,10:2209,0.35
2093,8,10:2210,0.35
2093,9,10:2211,0.35
2093,10,10:2212,0.35
2094,1,10:2213,0.45
2094,2,10:2214,0.45
2094,3,10:2215,0.45
2094,4,10:2216,0.45
2094,5,10:2217,0.45
2094,6,10:2218,0.45
2094,7,10:2219,0.45
2094,8,10:2220,0.45
2094,9,10:2221,0.45
2094,10,10:2222,0.45
2095,1,10:2223,0.4
2095,2,10:2224,0.4
2095,3,10:2225,0.4
2095,4,10:2226,0.4
2095,5,10:2227,0.4
2095,6,10:2228,0.4
2095,7,10:2229,0.4
2095,8,10:2230,0.4
2095,9,10:2231,0.4
2095,10,10:2232,0.4
2096,1,10:2233,0.25
2096,2,10:2234,0.261
2096,3,10:2235,0.272
2096,4,10:2236,0.283
2096,5,10:2237,0.294
2096,6,10:2238,0.305
2096,7,10:2239,0.316
2096,8,10:2240,0.327
2096,9,10:2241,0.338
2096,10,10:2242,0.35
2097,1,10:2243,0.45
2097,2,10:2244,0.45
2097,3,10:2245,0.45
2097,4,10:2246,0.45
2097,5,10:2247,0.45
2097,6,10:2248,0.45
2097,7,10:2249,0.45
2097,8,10:2250,0.45
2097,9,10:2251,0.45
2097,10,10:2252,0.45
2098,1,10:2253,0.4
2098,2,10:2254,0.4
2098,3,10:2255,0.4
2098,4,10:2256,0.4
2098,5,10:2257,0.4
2098,6,10:2258,0.4
2098,7,10:2259,0.4
2098,8,10:2260,0.4
2098,9,10:2261,0.4
2098,10,10:2262,0.4
2099,1,10:2263,0.4
2099,2,10:2264,0.4
2099,3,10:2265,0.4
2099,4,10:2266,0.4
2099,5,10:2267,0.4
2099,6,10:2268,0.4
2099,7,10:2269,0.4
2099,8,10:2270,0.4
2099,9,10:2271,0.4
2099,10,10:2272,0.4
2100,1,10:2273,0.5
2100,2,10:2274,0.5
2100,3,10:2275,0.5
2100,4,10:2276,0.5
2100,5,10:2277,0.5
2100,6,10:2278,0.5
2100,7,10:2279,0.5
2100,8,10:2280,0.5
2100,9,10:2281,0.5
2100,10,10:2282,0.5
2101,1,10:2283,0.25
2101,2,10:2284,0.261
2101,3,10:2285,0.272
2101,4,10:2286,0.283
2101,5,10:2287,0.294
2101,6,10:2288,0.305
2101,7,10:2289,0.316
2101,8,10:2290,0.327
2101,9,10:2291,0.338
2101,10,10:2292,0.35
2102,1,10:2293,0.3
2102,2,10:2294,0.3
2102,3,10:2295,0.3
2102,4,10:2296,0.3
2102,5,10:2297,0.3
2102,6,10:2298,0.3
2102,7,10:2299,0.3
2102,8,10:2300,0.3
2102,9,10:2301,0.3
2102,10,10:2302,0.3
2103,1,10:2303,0.35
2103,2,10:2304,0.35
2103,3,10:2305,0.35
2103,4,10:2306,0.35
2103,5,10:2307,0.35
2103,6,10:2308,0.35
2103,7,10:2309,0.35
2103,8,10:2310,0.35
2103,9,10:2311,0.35
2103,10,10:2312,0.35
2104,1,10:2313,0.35
2104,2,10:2314,0.35
2104,3,10:2315,0.35
2104,4,10:2316,0.35
2104,5,10:2317,0.35
2104,6,10:2318,0.35
2104,7,10:2319,0.35
2104,8,10:2320,0.35
2104,9,10:2321,0.35
2104,10,10:2322,0.35
2105,1,10:2323,0.3
2105,2,10:2324,0.316
2105,3,10:2325,0.332
2105,4,10:2326,0.348
2105,5,10:2327,0.365
2105,6,10:2328,0.382
2105,7,10:2329,0.399
2105,8,10:2330,0.416
2105,9,10:2331,0.433
2105,10,10:2332,0.45
2106,1,10:2333,0.15
2106,2,10:2334,0.166
2106,3,10:2335,0.182
2106,4,10:2336,0.198
2106,5,10:2337,0.215
2106,6,10:2338,0.232
2106,7,10:2339,0.249
2106,8,10:2340,0.266
2106,9,10:2341,0.283
2106,10,10:2342,0.3
2107,1,10:2343,0.15
2107,2,10:2344,0.166
2107,3,10:2345,0.182
2107,4,10:2346,0.198
2107,5,10:2347,0.215
2107,6,10:2348,0.232
2107,7,10:2349,0.249
2107,8,10:2350,0.266
2107,9,10:2351,0.283
2107,10,10:2352,0.3
2108,1,10:2353,0.25
2108,2,10:2354,0.266
2108,3,10:2355,0.282
2108,4,10:2356,0.298
2108,5,10:2357,0.315
2108,6,10:2358,0.332
2108,7,10:2359,0.349
2108,8,10:2360,0.366
2108,9,10:2361,0.383
2108,10,10:2362,0.4
2109,1,10:2363,0.3
2109,2,10:2364,0.3
2109,3,10:2365,0.3
2109,4,10:2366,0.3
2109,5,10:2367,0.3
2109,6,10:2368,0.3
2109,7,10:2369,0.3
2109,8,10:2370,0.3
2109,9,10:2371,0.3
2109,10,10:2372,0.3
2110,1,10:2373,0.15
2110,2,10:2374,0.166
2110,3,10:2375,0.182
2110,4,10:2376,0.198
2110,5,10:2377,0.215
2110,6,10:2378,0.232
2110,7,10:2379,0.249
2110,8,10:2380,0.266
2110,9,10:2381,0.283
2110,10,10:2382,0.3
2111,1,10:2383,0.3
2111,2,10:2384,0.3
2111,3,10:2385,0.3
2111,4,10:2386,0.3
2111,5,10:2387,0.3
2111,6,10:2388,0.3
2111,7,10:2389,0.3
2111,8,10:2390,0.3
2111,9,10:2391,0.3
2111,10,10:2392,0.3
2112,1,10:2393,0.35
2112,2,10:2394,0.35
2112,3,10:2395,0.35
2112,4,10:2396,0.35
2112,5,10:2397,0.35
2112,6,10:2398,0.35
2112,7,10:2399,0.35
2112,8,10:2400,0.35
2112,9,10:2401,0.35
2112,10,10:2402,0.35
2113,1,10:2403,0.4
2113,2,10:2404,0.4
2113,3,10:2405,0.4
2113,4,10:2406,0.4
2113,5,10:2407,0.4
2113,6,10:2408,0.4
2113,7,10:2409,0.4
2113,8,10:2410,0.4
2113,9,10:2411,0.4
2113,10,10:2412,0.4
2114,1,10:2413,0.3
2114,2,10:2414,0.3
2114,3,10:2415,0.3
2114,4,10:2416,0.3
2114,5,10:2417,0.3
2114,6,10:2418,0.3
2114,7,10:2419,0.3
2114,8,10:2420,0.3
2114,9,10:2421,0.3
2114,10,10:2422,0.3
2115,1,10:2423,0.4
2115,2,10:2424,0.4
2115,3,10:2425,0.4
2115,4,10:2426,0.4
2115,5,10:2427,0.4
2115,6,10:2428,0.4
2115,7,10:2429,0.4
2115,8,10:2430,0.4
2115,9,10:2431,0.4
2115,10,10:2432,0.4
2116,1,10:2433,1
3001,1,10:2434,1
3001,2,10:2435,1
3001,3,10:2436,1
3001,4,10:2437,1
3001,5,10:2438,1
3001,6,10:2439,1
3001,7,10:2440,1
3001,8,10:2441,1
3001,9,10:2442,1
3001,10,10:2443,1
3002,1,10:2444,1
3002,2,10:2445,1
3002,3,10:2446,1
3002,4,10:2447,1
3002,5,10:2448,1
3002,6,10:2449,1
3002,7,10:2450,1
3002,8,10:2451,1
3002,9,10:2452,1
3002,10,10:2453,1
3003,1,10:2454,1
3003,2,10:2455,1
3003,3,10:2456,1
3003,4,10:2457,1
3003,5,10:2458,1
3003,6,10:2459,1
3003,7,10:2460,1
3003,8,10:2461,1
3003,9,10:2462,1
3003,10,10:2463,1
3004,1,10:2464,1
3004,2,10:2465,1
3004,3,10:2466,1
3004,4,10:2467,1
3004,5,10:2468,1
3004,6,10:2469,1
3004,7,10:2470,1
3004,8,10:2471,1
3004,9,10:2472,1
3004,10,10:2473,1
3005,1,10:2474,1
3005,2,10:2475,1
3005,3,10:2476,1
3005,4,10:2477,1
3005,5,10:2478,1
3005,6,10:2479,1
3005,7,10:2480,1
3005,8,10:2481,1
3005,9,10:2482,1
3005,10,10:2483,1
3006,1,10:2484,1
3006,2,10:2485,1
3006,3,10:2486,1
3006,4,10:2487,1
3006,5,10:2488,1
3006,6,10:2489,1
3006,7,10:2490,1
3006,8,10:2491,1
3006,9,10:2492,1
3006,10,10:2493,1
3007,1,10:2494,1
3007,2,10:2495,1
3007,3,10:2496,1
3007,4,10:2497,1
3007,5,10:2498,1
3007,6,10:2499,1
3007,7,10:2500,1
3007,8,10:2501,1
3007,9,10:2502,1
3007,10,10:2503,1
3008,1,10:2504,1
3008,2,10:2505,1
3008,3,10:2506,1
3008,4,10:2507,1
3008,5,10:2508,1
3008,6,10:2509,1
3008,7,10:2510,1
3008,8,10:2511,1
3008,9,10:2512,1
3008,10,10:2513,1
3009,1,10:2514,1
3009,2,10:2515,1
3009,3,10:2516,1
3009,4,10:2517,1
3009,5,10:2518,1
3009,6,10:2519,1
3009,7,10:2520,1
3009,8,10:2521,1
3009,9,10:2522,1
3009,10,10:2523,1
3010,1,10:2524,1
3010,2,10:2525,1
3010,3,10:2526,1
3010,4,10:2527,1
3010,5,10:2528,1
3010,6,10:2529,1
3010,7,10:2530,1
3010,8,10:2531,1
3010,9,10:2532,1
3010,10,10:2533,1
3011,1,10:2534,1
3011,2,10:2535,1
3011,3,10:2536,1
3011,4,10:2537,1
3011,5,10:2538,1
3011,6,10:2539,1
3011,7,10:2540,1
3011,8,10:2541,1
3011,9,10:2542,1
3011,10,10:2543,1
3012,1,10:2544,1
3012,2,10:2545,1
3012,3,10:2546,1
3012,4,10:2547,1
3012,5,10:2548,1
3012,6,10:2549,1
3012,7,10:2550,1
3012,8,10:2551,1
3012,9,10:2552,1
3012,10,10:2553,1
3013,1,10:2554,1
3013,2,10:2555,1
3013,3,10:2556,1
3013,4,10:2557,1
3013,5,10:2558,1
3013,6,10:2559,1
3013,7,10:2560,1
3013,8,10:2561,1
3013,9,10:2562,1
3013,10,10:2563,1
3014,1,10:2564,1
3014,2,10:2565,1
3014,3,10:2566,1
3014,4,10:2567,1
3014,5,10:2568,1
3014,6,10:2569,1
3014,7,10:2570,1
3014,8,10:2571,1
3014,9,10:2572,1
3014,10,10:2573,1
3015,1,10:2574,1
3015,2,10:2575,1
3015,3,10:2576,1
3015,4,10:2577,1
3015,5,10:2578,1
3015,6,10:2579,1
3015,7,10:2580,1
3015,8,10:2581,1
3015,9,10:2582,1
3015,10,10:2583,1
3016,1,10:2584,1
3016,2,10:2585,1
3016,3,10:2586,1
3016,4,10:2587,1
3016,5,10:2588,1
3016,6,10:2589,1
3016,7,10:2590,1
3016,8,10:2591,1
3016,9,10:2592,1
3016,10,10:2593,1
3017,1,10:2594,1
3017,2,10:2595,1
3017,3,10:2596,1
3017,4,10:2597,1
3017,5,10:2598,1
3017,6,10:2599,1
3017,7,10:2600,1
3017,8,10:2601,1
3017,9,10:2602,1
3017,10,10:2603,1
3018,1,10:2604,1
3018,2,10:2605,1
3018,3,10:2606,1
3018,4,10:2607,1
3018,5,10:2608,1
3018,6,10:2609,1
3018,7,10:2610,1
3018,8,10:2611,1
3018,9,10:2612,1
3018,10,10:2613,1
3019,1,10:2614,1
3019,2,10:2615,1
3019,3,10:2616,1
3019,4,10:2617,1
3019,5,10:2618,1
3019,6,10:2619,1
3019,7,10:2620,1
3019,8,10:2621,1
3019,9,10:2622,1
3019,10,10:2623,1
3020,1,10:2624,1
3020,2,10:2625,1
3020,3,10:2626,1
3020,4,10:2627,1
3020,5,10:2628,1
3020,6,10:2629,1
3020,7,10:2630,1
3020,8,10:2631,1
3020,9,10:2632,1
3020,10,10:2633,1
3021,1,10:2634,1
3021,2,10:2635,1
3021,3,10:2636,1
3021,4,10:2637,1
3021,5,10:2638,1
3021,6,10:2639,1
3021,7,10:2640,1
3021,8,10:2641,1
3021,9,10:2642,1
3021,10,10:2643,1
3022,1,10:2644,1
3022,2,10:2645,1
3022,3,10:2646,1
3022,4,10:2647,1
3022,5,10:2648,1
3022,6,10:2649,1
3022,7,10:2650,1
3022,8,10:2651,1
3022,9,10:2652,1
3022,10,10:2653,1
3023,1,10:2654,1
3023,2,10:2655,1
3023,3,10:2656,1
3023,4,10:2657,1
3023,5,10:2658,1
3023,6,10:2659,1
3023,7,10:2660,1
3023,8,10:2661,1
3023,9,10:2662,1
3023,10,10:2663,1
3024,1,10:2664,1
3024,2,10:2665,1
3024,3,10:2666,1
3024,4,10:2667,1
3024,5,10:2668,1
3024,6,10:2669,1
3024,7,10:2670,1
3024,8,10:2671,1
3024,9,10:2672,1
3024,10,10:2673,1
3025,1,10:2674,1
3025,2,10:2675,1
3025,3,10:2676,1
3025,4,10:2677,1
3025,5,10:2678,1
3025,6,10:2679,1
3025,7,10:2680,1
3025,8,10:2681,1
3025,9,10:2682,1
3025,10,10:2683,1
3026,1,10:2684,1
3026,2,10:2685,1
3026,3,10:2686,1
3026,4,10:2687,1
3026,5,10:2688,1
3026,6,10:2689,1
3026,7,10:2690,1
3026,8,10:2691,1
3026,9,10:2692,1
3026,10,10:2693,1
3027,1,10:2694,1
3027,2,10:2695,1
3027,3,10:2696,1
3027,4,10:2697,1
3027,5,10:2698,1
3027,6,10:2699,1
3027,7,10:2700,1
3027,8,10:2701,1
3027,9,10:2702,1
3027,10,10:2703,1
3028,1,10:2704,1
3028,2,10:2705,1
3028,3,10:2706,1
3028,4,10:2707,1
3028,5,10:2708,1
3028,6,10:2709,1
3028,7,10:2710,1
3028,8,10:2711,1
3028,9,10:2712,1
3028,10,10:2713,1
3029,1,10:2714,1
3029,2,10:2715,1
3029,3,10:2716,1
3029,4,10:2717,1
3029,5,10:2718,1
3029,6,10:2719,1
3029,7,10:2720,1
3029,8,10:2721,1
3029,9,10:2722,1
3029,10,10:2723,1
3030,1,10:2724,1
3030,2,10:2725,1
3030,3,10:2726,1
3030,4,10:2727,1
3030,5,10:2728,1
3030,6,10:2729,1
3030,7,10:2730,1
3030,8,10:2731,1
3030,9,10:2732,1
3030,10,10:2733,1
3031,1,10:2734,1
3031,2,10:2735,1
3031,3,10:2736,1
3031,4,10:2737,1
3031,5,10:2738,1
3031,6,10:2739,1
3031,7,10:2740,1
3031,8,10:2741,1
3031,9,10:2742,1
3031,10,10:2743,1
3032,1,10:2744,1
3032,2,10:2745,1
3032,3,10:2746,1
3032,4,10:2747,1
3032,5,10:2748,1
3032,6,10:2749,1
3032,7,10:2750,1
3032,8,10:2751,1
3032,9,10:2752,1
3032,10,10:2753,1
3033,1,10:2754,1
3033,2,10:2755,1
3033,3,10:2756,1
3033,4,10:2757,1
3033,5,10:2758,1
3033,6,10:2759,1
3033,7,10:2760,1
3033,8,10:2761,1
3033,9,10:2762,1
3033,10,10:2763,1
3034,1,10:2764,1
3034,2,10:2765,1
3034,3,10:2766,1
3034,4,10:2767,1
3034,5,10:2768,1
3034,6,10:2769,1
3034,7,10:2770,1
3034,8,10:2771,1
3034,9,10:2772,1
3034,10,10:2773,1
3035,1,10:2774,1
3036,1,10:2775,1
3037,1,10:2776,1
3038,1,10:2777,1
3039,1,10:2778,1
3040,1,10:2779,1
3041,1,10:2780,1
3042,1,10:2781,1
3043,1,10:2782,1
3044,1,10:2783,1
3045,1,10:2784,1
3046,1,10:2785,1
3047,1,10:2786,1
3048,1,10:2787,1
3049,1,10:2788,1
3050,1,10:2789,1
3051,1,10:2790,1
3052,1,10:2791,1
3053,1,10:2792,1
3054,1,10:2793,1
3055,1,10:2794,1
3056,1,10:2795,1
3057,1,10:2796,1
3058,1,10:2797,1
3059,1,10:2798,1
3060,1,10:2799,1
3061,1,10:2800,1
3063,1,10:2802,1
3064,1,10:2803,1
3065,1,10:2804,1
3066,1,10:2805,1
3067,1,10:2806,1
3068,1,10:2807,1
3069,1,10:2808,1
3070,1,10:2809,1
3071,1,10:2810,1
3072,1,10:2811,1
3073,1,10:2812,1
3074,1,10:2813,1
3075,1,10:2814,1
3076,1,10:2815,1
3077,1,10:2816,1
3078,1,10:2817,1
3079,1,10:2818,1
3080,1,10:2819,1
3081,1,10:2820,1
3082,1,10:2821,1
3083,1,10:2822,1
3084,1,10:2823,1
3085,1,10:2824,1
3086,1,10:2825,1
3087,1,10:2826,1
3088,1,10:2827,1
3089,1,10:2828,1
3090,1,10:2829,1
3091,1,10:2830,1
3092,1,10:2831,1
3093,1,10:2832,1
3094,1,10:2833,1
3095,1,10:2834,1
3096,1,10:2835,1
3097,1,10:2836,1
3098,1,10:2837,1
3099,1,10:2838,1
3100,1,10:2839,1
3101,1,10:2840,1
3102,1,10:2841,1
3103,1,10:2842,1
3104,1,10:2843,1
3105,1,10:2844,1
3106,1,10:2845,1
3107,1,10:2846,1
3108,1,10:2847,1
3109,1,10:2848,1
3110,1,10:2849,1
3111,1,10:2850,1
3112,1,10:2851,1
3113,1,10:2852,1
4001,1,10:2853,1
4001,2,10:2854,1
4001,3,10:2855,1
4001,4,10:2856,1
4001,5,10:2857,1
4001,6,10:2858,1
4001,7,10:2859,1
4001,8,10:2860,1
4001,9,10:2861,1
4001,10,10:2862,1
4002,1,10:2863,1
4002,2,10:2864,1
4002,3,10:2865,1
4002,4,10:2866,1
4002,5,10:2867,1
4002,6,10:2868,1
4002,7,10:2869,1
4002,8,10:2870,1
4002,9,10:2871,1
4002,10,10:2872,1
4003,1,10:2873,1
4003,2,10:2874,1
4003,3,10:2875,1
4003,4,10:2876,1
4003,5,10:2877,1
4003,6,10:2878,1
4003,7,10:2879,1
4003,8,10:2880,1
4003,9,10:2881,1
4003,10,10:2882,1
4004,1,10:2883,1
4004,2,10:2884,1
4004,3,10:2885,1
4004,4,10:2886,1
4004,5,10:2887,1
4004,6,10:2888,1
4004,7,10:2889,1
4004,8,10:2890,1
4004,9,10:2891,1
4004,10,10:2892,1
4005,1,10:2893,1
4005,2,10:2894,1
4005,3,10:2895,1
4005,4,10:2896,1
4005,5,10:2897,1
4005,6,10:2898,1
4005,7,10:2899,1
4005,8,10:2900,1
4005,9,10:2901,1
4005,10,10:2902,1
4006,1,10:2903,1
4006,2,10:2904,1
4006,3,10:2905,1
4006,4,10:2906,1
4006,5,10:2907,1
4006,6,10:2908,1
4006,7,10:2909,1
4006,8,10:2910,1
4006,9,10:2911,1
4006,10,10:2912,1
4007,1,10:2913,1
4007,2,10:2914,1
4007,3,10:2915,1
4007,4,10:2916,1
4007,5,10:2917,1
4007,6,10:2918,1
4007,7,10:2919,1
4007,8,10:2920,1
4007,9,10:2921,1
4007,10,10:2922,1
4008,1,10:2923,1
4008,2,10:2924,1
4008,3,10:2925,1
4008,4,10:2926,1
4008,5,10:2927,1
4008,6,10:2928,1
4008,7,10:2929,1
4008,8,10:2930,1
4008,9,10:2931,1
4008,10,10:2932,1
4009,1,10:2933,1
4009,2,10:2934,1
4009,3,10:2935,1
4009,4,10:2936,1
4009,5,10:2937,1
4009,6,10:2938,1
4009,7,10:2939,1
4009,8,10:2940,1
4009,9,10:2941,1
4009,10,10:2942,1
4010,1,10:2943,1
4010,2,10:2944,1
4010,3,10:2945,1
4010,4,10:2946,1
4010,5,10:2947,1
4010,6,10:2948,1
4010,7,10:2949,1
4010,8,10:2950,1
4010,9,10:2951,1
4010,10,10:2952,1
4011,1,10:2953,1
4011,2,10:2954,1
4011,3,10:2955,1
4011,4,10:2956,1
4011,5,10:2957,1
4011,6,10:2958,1
4011,7,10:2959,1
4011,8,10:2960,1
4011,9,10:2961,1
4011,10,10:2962,1
4012,1,10:2963,1
4012,2,10:2964,1
4012,3,10:2965,1
4012,4,10:2966,1
4012,5,10:2967,1
4012,6,10:2968,1
4012,7,10:2969,1
4012,8,10:2970,1
4012,9,10:2971,1
4012,10,10:2972,1
4013,1,10:2973,1
4013,2,10:2974,1
4013,3,10:2975,1
4013,4,10:2976,1
4013,5,10:2977,1
4013,6,10:2978,1
4013,7,10:2979,1
4013,8,10:2980,1
4013,9,10:2981,1
4013,10,10:2982,1
4014,1,10:2983,1
4014,2,10:2984,1
4014,3,10:2985,1
4014,4,10:2986,1
4014,5,10:2987,1
4014,6,10:2988,1
4014,7,10:2989,1
4014,8,10:2990,1
4014,9,10:2991,1
4014,10,10:2992,1
4015,1,10:2993,1
4015,2,10:2994,1
4015,3,10:2995,1
4015,4,10:2996,1
4015,5,10:2997,1
4015,6,10:2998,1
4015,7,10:2999,1
4015,8,10:3000,1
4015,9,10:3001,1
4015,10,10:3002,1
4016,1,10:3003,1
4016,2,10:3004,1
4016,3,10:3005,1
4016,4,10:3006,1
4016,5,10:3007,1
4016,6,10:3008,1
4016,7,10:3009,1
4016,8,10:3010,1
4016,9,10:3011,1
4016,10,10:3012,1
4017,1,10:3013,1
4017,2,10:3014,1
4017,3,10:3015,1
4017,4,10:3016,1
4017,5,10:3017,1
4017,6,10:3018,1
4017,7,10:3019,1
4017,8,10:3020,1
4017,9,10:3021,1
4017,10,10:3022,1
4018,1,10:3023,1
4018,2,10:3024,1
4018,3,10:3025,1
4018,4,10:3026,1
4018,5,10:3027,1
4018,6,10:3028,1
4018,7,10:3029,1
4018,8,10:3030,1
4018,9,10:3031,1
4018,10,10:3032,1
4019,1,10:3033,1
4019,2,10:3034,1
4019,3,10:3035,1
4019,4,10:3036,1
4019,5,10:3037,1
4019,6,10:3038,1
4019,7,10:3039,1
4019,8,10:3040,1
4019,9,10:3041,1
4019,10,10:3042,1
4020,1,10:3043,1
4020,2,10:3044,1
4020,3,10:3045,1
4020,4,10:3046,1
4020,5,10:3047,1
4020,6,10:3048,1
4020,7,10:3049,1
4020,8,10:3050,1
4020,9,10:3051,1
4020,10,10:3052,1
4021,1,10:3053,1
4021,2,10:3054,1
4021,3,10:3055,1
4021,4,10:3056,1
4021,5,10:3057,1
4021,6,10:3058,1
4021,7,10:3059,1
4021,8,10:3060,1
4021,9,10:3061,1
4021,10,10:3062,1
4022,1,10:3063,1
4022,2,10:3064,1
4022,3,10:3065,1
4022,4,10:3066,1
4022,5,10:3067,1
4022,6,10:3068,1
4022,7,10:3069,1
4022,8,10:3070,1
4022,9,10:3071,1
4022,10,10:3072,1
4023,1,10:3073,1
4023,2,10:3074,1
4023,3,10:3075,1
4023,4,10:3076,1
4023,5,10:3077,1
4023,6,10:3078,1
4023,7,10:3079,1
4023,8,10:3080,1
4023,9,10:3081,1
4023,10,10:3082,1
4024,1,10:3083,1
4024,2,10:3084,1
4024,3,10:3085,1
4024,4,10:3086,1
4024,5,10:3087,1
4024,6,10:3088,1
4024,7,10:3089,1
4024,8,10:3090,1
4024,9,10:3091,1
4024,10,10:3092,1
4025,1,10:3093,1
4025,2,10:3094,1
4025,3,10:3095,1
4025,4,10:3096,1
4025,5,10:3097,1
4025,6,10:3098,1
4025,7,10:3099,1
4025,8,10:3100,1
4025,9,10:3101,1
4025,10,10:3102,1
4026,1,10:3103,1
4026,2,10:3104,1
4026,3,10:3105,1
4026,4,10:3106,1
4026,5,10:3107,1
4026,6,10:3108,1
4026,7,10:3109,1
4026,8,10:3110,1
4026,9,10:3111,1
4026,10,10:3112,1
4027,1,10:3113,1
4027,2,10:3114,1
4027,3,10:3115,1
4027,4,10:3116,1
4027,5,10:3117,1
4027,6,10:3118,1
4027,7,10:3119,1
4027,8,10:3120,1
4027,9,10:3121,1
4027,10,10:3122,1
4028,1,10:3123,1
4028,2,10:3124,1
4028,3,10:3125,1
4028,4,10:3126,1
4028,5,10:3127,1
4028,6,10:3128,1
4028,7,10:3129,1
4028,8,10:3130,1
4028,9,10:3131,1
4028,10,10:3132,1
4029,1,10:3133,1
4029,2,10:3134,1
4029,3,10:3135,1
4029,4,10:3136,1
4029,5,10:3137,1
4029,6,10:3138,1
4029,7,10:3139,1
4029,8,10:3140,1
4029,9,10:3141,1
4029,10,10:3142,1
4030,1,10:3143,1
4031,1,10:3144,1
4032,1,10:3145,1
4033,1,10:3146,1
4034,1,10:3147,1
5001,1,10:3148,0.25
5001,2,10:3149,0.266
5001,3,10:3150,0.283
5001,4,10:3151,0.3
5001,5,10:3152,0.316
5001,6,10:3153,0.333
5001,7,10:3154,0.35
5001,8,10:3155,0.366
5001,9,10:3156,0.383
5001,10,10:3157,0.4
5002,1,10:3158,0.35
5002,2,10:3159,0.35
5002,3,10:3160,0.35
5002,4,10:3161,0.35
5002,5,10:3162,0.35
5002,6,10:3163,0.35
5002,7,10:3164,0.35
5002,8,10:3165,0.35
5002,9,10:3166,0.35
5002,10,10:3167,0.35
5003,1,10:3168,0.3
5003,2,10:3169,0.3
5003,3,10:3170,0.3
5003,4,10:3171,0.3
5003,5,10:3172,0.3
5003,6,10:3173,0.3
5003,7,10:3174,0.3
5003,8,10:3175,0.3
5003,9,10:3176,0.3
5003,10,10:3177,0.3
5004,1,10:3178,0.45
5004,2,10:3179,0.45
5004,3,10:3180,0.45
5004,4,10:3181,0.45
5004,5,10:3182,0.45
5004,6,10:3183,0.45
5004,7,10:3184,0.45
5004,8,10:3185,0.45
5004,9,10:3186,0.45
5004,10,10:3187,0.45
5005,1,10:3188,1
5005,2,10:3189,1
5005,3,10:3190,1
5005,4,10:3191,1
5005,5,10:3192,1
5005,6,10:3193,1
5005,7,10:3194,1
5005,8,10:3195,1
5005,9,10:3196,1
5005,10,10:3197,1
5006,1,10:3198,1
5006,2,10:3199,1
5006,3,10:3200,1
5006,4,10:3201,1
5006,5,10:3202,1
5006,6,10:3203,1
5006,7,10:3204,1
5006,8,10:3205,1
5006,9,10:3206,1
5006,10,10:3207,1
5007,1,10:3208,0.3
5007,2,10:3209,0.3
5007,3,10:3210,0.3
5007,4,10:3211,0.3
5007,5,10:3212,0.3
5007,6,10:3213,0.3
5007,7,10:3214,0.3
5007,8,10:3215,0.3
5007,9,10:3216,0.3
5007,10,10:3217,0.3
5008,1,10:3218,0.4
5008,2,10:3219,0.4
5008,3,10:3220,0.4
5008,4,10:3221,0.4
5008,5,10:3222,0.4
5008,6,10:3223,0.4
5008,7,10:3224,0.4
5008,8,10:3225,0.4
5008,9,10:3226,0.4
5008,10,10:3227,0.4
5009,1,10:3228,0.3
5009,2,10:3229,0.3
5009,3,10:3230,0.3
5009,4,10:3231,0.3
5009,5,10:3232,0.3
5009,6,10:3233,0.3
5009,7,10:3234,0.3
5009,8,10:3235,0.3
5009,9,10:3236,0.3
5009,10,10:3237,0.3
5010,1,10:3238,0.3
5010,2,10:3239,0.333
5010,3,10:3240,0.366
5010,4,10:3241,0.399
5010,5,10:3242,0.432
5010,6,10:3243,0.465
5010,7,10:3244,0.498
5010,8,10:3245,0.531
5010,9,10:3246,0.565
5010,10,10:3247,0.6
5011,1,10:3248,0.4
5011,2,10:3249,0.4
5011,3,10:3250,0.4
5011,4,10:3251,0.4
5011,5,10:3252,0.4
5011,6,10:3253,0.4
5011,7,10:3254,0.4
5011,8,10:3255,0.4
5011,9,10:3256,0.4
5011,10,10:3257,0.4
5012,1,10:3258,0.4
5012,2,10:3259,0.4
5012,3,10:3260,0.4
5012,4,10:3261,0.4
5012,5,10:3262,0.4
5012,6,10:3263,0.4
5012,7,10:3264,0.4
5012,8,10:3265,0.4
5012,9,10:3266,0.4
5012,10,10:3267,0.4
5013,1,10:3268,0.3
5013,2,10:3269,0.3
5013,3,10:3270,0.3
5013,4,10:3271,0.3
5013,5,10:3272,0.3
5013,6,10:3273,0.3
5013,7,10:3274,0.3
5013,8,10:3275,0.3
5013,9,10:3276,0.3
5013,10,10:3277,0.3
5014,1,10:3278,0.25
5014,2,10:3279,0.261
5014,3,10:3280,0.272
5014,4,10:3281,0.283
5014,5,10:3282,0.294
5014,6,10:3283,0.305
5014,7,10:3284,0.316
5014,8,10:3285,0.327
5014,9,10:3286,0.338
5014,10,10:3287,0.35
5015,1,10:3288,0.25
5015,2,10:3289,0.272
5015,3,10:3290,0.294
5015,4,10:3291,0.316
5015,5,10:3292,0.338
5015,6,10:3293,0.36
5015,7,10:3294,0.382
5015,8,10:3295,0.404
5015,9,10:3296,0.426
5015,10,10:3297,0.45
5016,1,10:3298,0.35
5016,2,10:3299,0.35
5016,3,10:3300,0.35
5016,4,10:3301,0.35
5016,5,10:3302,0.35
5016,6,10:3303,0.35
5016,7,10:3304,0.35
5016,8,10:3305,0.35
5016,9,10:3306,0.35
5016,10,10:3307,0.35
5017,1,10:3308,0.45
5017,2,10:3309,0.45
5017,3,10:3310,0.45
5017,4,10:3311,0.45
5017,5,10:3312,0.45
5017,6,10:3313,0.45
5017,7,10:3314,0.45
5017,8,10:3315,0.45
5017,9,10:3316,0.45
5017,10,10:3317,0.45
6001,1,10:3318,1
6001,2,10:3319,1
6001,3,10:3320,1
6001,4,10:3321,1
6001,5,10:3322,1
6001,6,10:3323,1
6001,7,10:3324,1
6001,8,10:3325,1
6001,9,10:3326,1
6001,10,10:3327,1
6002,1,10:3328,1
6002,2,10:3329,1
6002,3,10:3330,1
6002,4,10:3331,1
6002,5,10:3332,1
6002,6,10:3333,1
6002,7,10:3334,1
6002,8,10:3335,1
6002,9,10:3336,1
6002,10,10:3337,1
6003,1,10:3338,1
6003,2,10:3339,1
6003,3,10:3340,1
6003,4,10:3341,1
6003,5,10:3342,1
6003,6,10:3343,1
6003,7,10:3344,1
6003,8,10:3345,1
6003,9,10:3346,1
6003,10,10:3347,1
6004,1,10:3348,1
6004,2,10:3349,1
6004,3,10:3350,1
6004,4,10:3351,1
6004,5,10:3352,1
6004,6,10:3353,1
6004,7,10:3354,1
6004,8,10:3355,1
6004,9,10:3356,1
6004,10,10:3357,1
6005,1,10:3358,1
6005,2,10:3359,1
6005,3,10:3360,1
6005,4,10:3361,1
6005,5,10:3362,1
6005,6,10:3363,1
6005,7,10:3364,1
6005,8,10:3365,1
6005,9,10:3366,1
6005,10,10:3367,1
6006,1,10:3368,1
6006,2,10:3369,1
6006,3,10:3370,1
6006,4,10:3371,1
6006,5,10:3372,1
6006,6,10:3373,1
6006,7,10:3374,1
6006,8,10:3375,1
6006,9,10:3376,1
6006,10,10:3377,1
6007,1,10:3378,1
6007,2,10:3379,1
6007,3,10:3380,1
6007,4,10:3381,1
6007,5,10:3382,1
6007,6,10:3383,1
6007,7,10:3384,1
6007,8,10:3385,1
6007,9,10:3386,1
6007,10,10:3387,1
6008,1,10:3388,1
6008,2,10:3389,1
6008,3,10:3390,1
6008,4,10:3391,1
6008,5,10:3392,1
6008,6,10:3393,1
6008,7,10:3394,1
6008,8,10:3395,1
6008,9,10:3396,1
6008,10,10:3397,1
7001,1,10:3398,1
7001,2,10:3399,1
7001,3,10:3400,1
7001,4,10:3401,1
7001,5,10:3402,1
7001,6,10:3403,1
7001,7,10:3404,1
7001,8,10:3405,1
7001,9,10:3406,1
7001,10,10:3407,1
7002,1,10:3408,1
7002,2,10:3409,1
7002,3,10:3410,1
7002,4,10:3411,1
7002,5,10:3412,1
7002,6,10:3413,1
7002,7,10:3414,1
7002,8,10:3415,1
7002,9,10:3416,1
7002,10,10:3417,1
8001,1,10:3418,1
